INSERT INTO public."BUILD_TOOLS" ("BUILD_TOOLS_CODE","BUILD_TOOLS_NAME","BUILD_TOOLS_TYPE","LANG_CODE","FRAME_CODE","IS_DEFAULT_FRAME","CREATED_BY","CREATED_AT") VALUES
	 ('BT_MAVEN','Apache Maven','Build Tool','LANG_JAVA','FRAME_SPRING',true,'system','2025-05-19 12:32:41.578131'),
	 ('BT_GRADLE','Gradle','Build Tool','LANG_JAVA','FRAME_SPRING',false,'system','2025-05-19 12:32:41.578131'),
	 ('BT_WEBPACK_REACT','Webpack','Bundler','LANG_JAVASCRIPT','FRAME_REACT',true,'system','2025-05-19 12:32:41.578131'),
	 ('BT_VITE_REACT','Vite','Bundler','LANG_JAVASCRIPT','FRAME_REACT',false,'system','2025-05-19 12:32:41.578131'),
	 ('BT_VITE_VUE','Vite','Bundler','LANG_JAVASCRIPT','FRAME_VUE',true,'system','2025-05-19 12:32:41.578131'),
	 ('BT_WEBPACK_VUE','Webpack','Bundler','LANG_JAVASCRIPT','FRAME_VUE',false,'system','2025-05-19 12:32:41.578131'),
	 ('BT_NEXT_BUILDER','Next.js Builder','SSR Build Tool','LANG_JAVASCRIPT','FRAME_NEXTJS',true,'system','2025-05-19 12:32:41.578131'),
	 ('BT_MANAGE_PY','Django manage.py','Build/Dev Utility','LANG_PYTHON','FRAME_DJANGO',true,'system','2025-05-19 12:32:41.578131'),
	 ('BT_DOTNET','.NET CLI','Build Tool','LANG_CSHARP','FRAME_ASPNET_CORE',true,'system','2025-05-19 12:32:41.578131'),
	 ('BT_CARGO','Cargo','Build Tool','LANG_RUST','FRAME_ACTIX',true,'system','2025-05-19 12:32:41.578131');
INSERT INTO public."BUILD_TOOLS" ("BUILD_TOOLS_CODE","BUILD_TOOLS_NAME","BUILD_TOOLS_TYPE","LANG_CODE","FRAME_CODE","IS_DEFAULT_FRAME","CREATED_BY","CREATED_AT") VALUES
	 ('BT_GRADLE_KTOR','Gradle','Build Tool','LANG_KOTLIN','FRAME_KTOR',true,'system','2025-05-19 12:32:41.578131'),
	 ('BT_VITE_SVELTE','Vite','Bundler','LANG_JAVASCRIPT','FRAME_SVELTE',true,'system','2025-05-19 12:32:41.578131'),
	 ('BUILD_CMAKE_BOOST','CMake','Build System','LANG_CPP','FRAME_BOOST',true,'system','2025-05-23 09:58:59.423578'),
	 ('BUILD_MAKE_BOOST','Make','Build System','LANG_CPP','FRAME_BOOST',false,'system','2025-05-23 09:58:59.423578'),
	 ('BUILD_NINJA_BOOST','Ninja','Build System','LANG_CPP','FRAME_BOOST',false,'system','2025-05-23 09:58:59.423578'),
	 ('BUILD_BAZEL_BOOST','Bazel','Build System','LANG_CPP','FRAME_BOOST',false,'system','2025-05-23 09:58:59.423578'),
	 ('BUILD_CMAKE_POCO','CMake','Build System','LANG_CPP','FRAME_POCO',true,'system','2025-05-23 09:58:59.423578'),
	 ('BUILD_MESON_POCO','Meson','Build System','LANG_CPP','FRAME_POCO',false,'system','2025-05-23 09:58:59.423578'),
	 ('BUILD_NINJA_POCO','Ninja','Build System','LANG_CPP','FRAME_POCO',false,'system','2025-05-23 09:58:59.423578'),
	 ('BUILD_BAZEL_POCO','Bazel','Build System','LANG_CPP','FRAME_POCO',false,'system','2025-05-23 09:58:59.423578');
INSERT INTO public."BUILD_TOOLS" ("BUILD_TOOLS_CODE","BUILD_TOOLS_NAME","BUILD_TOOLS_TYPE","LANG_CODE","FRAME_CODE","IS_DEFAULT_FRAME","CREATED_BY","CREATED_AT") VALUES
	 ('BUILD_CMAKE_QT','CMake','Build System','LANG_CPP','FRAME_QT',true,'system','2025-05-23 09:58:59.423578'),
	 ('BUILD_QMAKE_QT','QMake','Build System','LANG_CPP','FRAME_QT',false,'system','2025-05-23 09:58:59.423578'),
	 ('BUILD_NINJA_QT','Ninja','Build System','LANG_CPP','FRAME_QT',false,'system','2025-05-23 09:58:59.423578'),
	 ('BUILD_BAZEL_QT','Bazel','Build System','LANG_CPP','FRAME_QT',false,'system','2025-05-23 09:58:59.423578'),
	 ('BUILD_CMAKE_CROW','CMake','Build System','LANG_CPP','FRAME_CROW',true,'system','2025-05-23 09:58:59.423578'),
	 ('BUILD_NINJA_CROW','Ninja','Build System','LANG_CPP','FRAME_CROW',false,'system','2025-05-23 09:58:59.423578'),
	 ('BUILD_MESON_CROW','Meson','Build System','LANG_CPP','FRAME_CROW',false,'system','2025-05-23 09:58:59.423578'),
	 ('BUILD_BAZEL_CROW','Bazel','Build System','LANG_CPP','FRAME_CROW',false,'system','2025-05-23 09:58:59.423578'),
	 ('BUILD_CMAKE_CPPREST','CMake','Build System','LANG_CPP','FRAME_CPPREST',true,'system','2025-05-23 09:58:59.423578'),
	 ('BUILD_MAKE_CPPREST','Make','Build System','LANG_CPP','FRAME_CPPREST',false,'system','2025-05-23 09:58:59.423578');
INSERT INTO public."BUILD_TOOLS" ("BUILD_TOOLS_CODE","BUILD_TOOLS_NAME","BUILD_TOOLS_TYPE","LANG_CODE","FRAME_CODE","IS_DEFAULT_FRAME","CREATED_BY","CREATED_AT") VALUES
	 ('BUILD_NINJA_CPPREST','Ninja','Build System','LANG_CPP','FRAME_CPPREST',false,'system','2025-05-23 09:58:59.423578'),
	 ('BUILD_MAKE_ACE','Make','Build System','LANG_CPP','FRAME_ACE',true,'system','2025-05-23 09:58:59.423578'),
	 ('BUILD_CMAKE_ACE','CMake','Build System','LANG_CPP','FRAME_ACE',false,'system','2025-05-23 09:58:59.423578'),
	 ('BUILD_NINJA_ACE','Ninja','Build System','LANG_CPP','FRAME_ACE',false,'system','2025-05-23 09:58:59.423578'),
	 ('BUILD_CMAKE_GTEST','CMake','Build System','LANG_CPP','FRAME_GTEST',true,'system','2025-05-23 09:58:59.423578'),
	 ('BUILD_MESON_GTEST','Meson','Build System','LANG_CPP','FRAME_GTEST',false,'system','2025-05-23 09:58:59.423578'),
	 ('BUILD_MAKE_GTEST','Make','Build System','LANG_CPP','FRAME_GTEST',false,'system','2025-05-23 09:58:59.423578'),
	 ('BUILD_MAKE_OPENFRAMEWORKS','Make','Build System','LANG_CPP','FRAME_OPENFRAMEWORKS',true,'system','2025-05-23 09:58:59.423578'),
	 ('BUILD_CMAKE_OPENFRAMEWORKS','CMake','Build System','LANG_CPP','FRAME_OPENFRAMEWORKS',false,'system','2025-05-23 09:58:59.423578'),
	 ('BUILD_QMAKE_OPENFRAMEWORKS','QMake','Build System','LANG_CPP','FRAME_OPENFRAMEWORKS',false,'system','2025-05-23 09:58:59.423578');
INSERT INTO public."BUILD_TOOL_VERSIONS" ("BUILD_TOOL_VER_CODE","BUILD_TOOLS_CODE","BUILDVER","BUILD_VERSION","IS_DEFAULT_FRAME_VER","CREATED_BY","CREATED_AT") VALUES
	 ('BT_MAVEN_381','BT_MAVEN','3.8.1','3.8.1',false,'system','2025-05-20 13:42:06.668821'),
	 ('BT_MAVEN_386','BT_MAVEN','3.8.6','3.8.6',true,'system','2025-05-20 13:42:06.668821'),
	 ('BT_GRADLE_76','BT_GRADLE','7.6','7.6',false,'system','2025-05-20 13:42:18.01149'),
	 ('BT_GRADLE_80','BT_GRADLE','8.0','8.0',true,'system','2025-05-20 13:42:18.01149'),
	 ('BT_WEBPACK_REACT_5750','BT_WEBPACK_REACT','5.75.0','5.75.0',false,'system','2025-05-20 13:42:26.593784'),
	 ('BT_WEBPACK_REACT_5880','BT_WEBPACK_REACT','5.88.0','5.88.0',true,'system','2025-05-20 13:42:26.593784'),
	 ('BT_VITE_REACT_410','BT_VITE_REACT','4.1.0','4.1.0',false,'system','2025-05-20 13:42:34.40599'),
	 ('BT_VITE_REACT_500','BT_VITE_REACT','5.0.0','5.0.0',true,'system','2025-05-20 13:42:34.40599'),
	 ('BT_VITE_VUE_410','BT_VITE_VUE','4.1.0','4.1.0',false,'system','2025-05-20 13:42:42.034041'),
	 ('BT_VITE_VUE_500','BT_VITE_VUE','5.0.0','5.0.0',true,'system','2025-05-20 13:42:42.034041');
INSERT INTO public."BUILD_TOOL_VERSIONS" ("BUILD_TOOL_VER_CODE","BUILD_TOOLS_CODE","BUILDVER","BUILD_VERSION","IS_DEFAULT_FRAME_VER","CREATED_BY","CREATED_AT") VALUES
	 ('BT_WEBPACK_VUE_5750','BT_WEBPACK_VUE','5.75.0','5.75.0',false,'system','2025-05-20 13:42:49.657172'),
	 ('BT_WEBPACK_VUE_5880','BT_WEBPACK_VUE','5.88.0','5.88.0',true,'system','2025-05-20 13:42:49.657172'),
	 ('BT_NEXT_BUILDER_1340','BT_NEXT_BUILDER','13.4.0','13.4.0',false,'system','2025-05-20 13:42:57.748749'),
	 ('BT_NEXT_BUILDER_1400','BT_NEXT_BUILDER','14.0.0','14.0.0',true,'system','2025-05-20 13:42:57.748749'),
	 ('BUILD_CMAKE_BOOST_3.27.7','BUILD_CMAKE_BOOST','3.27.7','CMake|3.27.7',true,'system','2025-05-23 09:59:10.491004'),
	 ('BUILD_CMAKE_BOOST_3.26.4','BUILD_CMAKE_BOOST','3.26.4','CMake|3.26.4',false,'system','2025-05-23 09:59:10.491004'),
	 ('BUILD_MAKE_BOOST_4.3','BUILD_MAKE_BOOST','4.3','Make|4.3',true,'system','2025-05-23 09:59:10.491004'),
	 ('BUILD_NINJA_BOOST_1.11.1','BUILD_NINJA_BOOST','1.11.1','Ninja|1.11.1',true,'system','2025-05-23 09:59:10.491004'),
	 ('BUILD_BAZEL_BOOST_7.0.2','BUILD_BAZEL_BOOST','7.0.2','Bazel|7.0.2',true,'system','2025-05-23 09:59:10.491004'),
	 ('BUILD_CMAKE_POCO_3.27.7','BUILD_CMAKE_POCO','3.27.7','CMake|3.27.7',true,'system','2025-05-23 09:59:10.491004');
INSERT INTO public."BUILD_TOOL_VERSIONS" ("BUILD_TOOL_VER_CODE","BUILD_TOOLS_CODE","BUILDVER","BUILD_VERSION","IS_DEFAULT_FRAME_VER","CREATED_BY","CREATED_AT") VALUES
	 ('BUILD_MESON_POCO_1.2.1','BUILD_MESON_POCO','1.2.1','Meson|1.2.1',true,'system','2025-05-23 09:59:10.491004'),
	 ('BUILD_NINJA_POCO_1.11.1','BUILD_NINJA_POCO','1.11.1','Ninja|1.11.1',true,'system','2025-05-23 09:59:10.491004'),
	 ('BUILD_BAZEL_POCO_7.0.2','BUILD_BAZEL_POCO','7.0.2','Bazel|7.0.2',true,'system','2025-05-23 09:59:10.491004'),
	 ('BUILD_CMAKE_QT_3.27.7','BUILD_CMAKE_QT','3.27.7','CMake|3.27.7',true,'system','2025-05-23 09:59:10.491004'),
	 ('BUILD_QMAKE_QT_3.1','BUILD_QMAKE_QT','3.1','QMake|3.1',true,'system','2025-05-23 09:59:10.491004'),
	 ('BUILD_NINJA_QT_1.11.1','BUILD_NINJA_QT','1.11.1','Ninja|1.11.1',true,'system','2025-05-23 09:59:10.491004'),
	 ('BUILD_BAZEL_QT_7.0.2','BUILD_BAZEL_QT','7.0.2','Bazel|7.0.2',true,'system','2025-05-23 09:59:10.491004'),
	 ('BUILD_CMAKE_CROW_3.27.7','BUILD_CMAKE_CROW','3.27.7','CMake|3.27.7',true,'system','2025-05-23 09:59:10.491004'),
	 ('BUILD_NINJA_CROW_1.11.1','BUILD_NINJA_CROW','1.11.1','Ninja|1.11.1',true,'system','2025-05-23 09:59:10.491004'),
	 ('BUILD_MESON_CROW_1.2.1','BUILD_MESON_CROW','1.2.1','Meson|1.2.1',true,'system','2025-05-23 09:59:10.491004');
INSERT INTO public."BUILD_TOOL_VERSIONS" ("BUILD_TOOL_VER_CODE","BUILD_TOOLS_CODE","BUILDVER","BUILD_VERSION","IS_DEFAULT_FRAME_VER","CREATED_BY","CREATED_AT") VALUES
	 ('BUILD_BAZEL_CROW_7.0.2','BUILD_BAZEL_CROW','7.0.2','Bazel|7.0.2',true,'system','2025-05-23 09:59:10.491004'),
	 ('BUILD_CMAKE_CPPREST_3.27.7','BUILD_CMAKE_CPPREST','3.27.7','CMake|3.27.7',true,'system','2025-05-23 09:59:10.491004'),
	 ('BUILD_MAKE_CPPREST_4.3','BUILD_MAKE_CPPREST','4.3','Make|4.3',true,'system','2025-05-23 09:59:10.491004'),
	 ('BUILD_NINJA_CPPREST_1.11.1','BUILD_NINJA_CPPREST','1.11.1','Ninja|1.11.1',true,'system','2025-05-23 09:59:10.491004'),
	 ('BUILD_MAKE_ACE_4.3','BUILD_MAKE_ACE','4.3','Make|4.3',true,'system','2025-05-23 09:59:10.491004'),
	 ('BUILD_CMAKE_ACE_3.27.7','BUILD_CMAKE_ACE','3.27.7','CMake|3.27.7',true,'system','2025-05-23 09:59:10.491004'),
	 ('BUILD_NINJA_ACE_1.11.1','BUILD_NINJA_ACE','1.11.1','Ninja|1.11.1',true,'system','2025-05-23 09:59:10.491004'),
	 ('BUILD_CMAKE_GTEST_3.27.7','BUILD_CMAKE_GTEST','3.27.7','CMake|3.27.7',true,'system','2025-05-23 09:59:10.491004'),
	 ('BUILD_MESON_GTEST_1.2.1','BUILD_MESON_GTEST','1.2.1','Meson|1.2.1',true,'system','2025-05-23 09:59:10.491004'),
	 ('BUILD_MAKE_GTEST_4.3','BUILD_MAKE_GTEST','4.3','Make|4.3',true,'system','2025-05-23 09:59:10.491004');
INSERT INTO public."BUILD_TOOL_VERSIONS" ("BUILD_TOOL_VER_CODE","BUILD_TOOLS_CODE","BUILDVER","BUILD_VERSION","IS_DEFAULT_FRAME_VER","CREATED_BY","CREATED_AT") VALUES
	 ('BUILD_MAKE_OPENFRAMEWORKS_4.3','BUILD_MAKE_OPENFRAMEWORKS','4.3','Make|4.3',true,'system','2025-05-23 09:59:10.491004'),
	 ('BUILD_CMAKE_OPENFRAMEWORKS_3.27.7','BUILD_CMAKE_OPENFRAMEWORKS','3.27.7','CMake|3.27.7',true,'system','2025-05-23 09:59:10.491004'),
	 ('BUILD_QMAKE_OPENFRAMEWORKS_3.1','BUILD_QMAKE_OPENFRAMEWORKS','3.1','QMake|3.1',true,'system','2025-05-23 09:59:10.491004');
INSERT INTO public."DEPENDENCIES" ("DEPEND_CODE","LANG_CODE","FRAME_CODE","FRAME_VER_CODE","CATEGORY","COMPATIBLE_WITH","DEPEND_NAME","GROUP_ID","ARTIFACT_ID","VERSION","SCOPE","DEPEND_CATEGORY","CREATED_BY","CREATED_AT") VALUES
	 ('org.springframework.boot:spring-boot-starter-data-elasticsearch:INHERITED:compile','LANG_JAVA','FRAME_SPRING','','library','Java','spring-boot-starter-data-elasticsearch','org.springframework.boot','spring-boot-starter-data-elasticsearch','INHERITED','compile','dependency','Prasad Patil','2025-04-28 16:19:00.723621'),
	 ('org.springframework.boot:spring-boot-starter-actuator:INHERITED:compile','LANG_JAVA','FRAME_SPRING','','library','Java','spring-boot-starter-actuator','org.springframework.boot','spring-boot-starter-actuator','INHERITED','compile','dependency','Prasad Patil','2025-04-28 16:19:00.740255'),
	 ('org.hibernate:hibernate-core:5.2.1.Final:compile','LANG_JAVA','FRAME_SPRING','','library','Java','hibernate-core','org.hibernate','hibernate-core','5.2.1.Final','compile','dependency','Prasad Patil','2025-04-28 16:19:00.743426'),
	 ('org.projectlombok:lombok:1.18.22:compile','LANG_JAVA','FRAME_SPRING','','library','Java','lombok','org.projectlombok','lombok','1.18.22','compile','dependency','Prasad Patil','2025-04-28 16:19:00.725628'),
	 ('org.mockito:mockito-core:4.0.0:test','LANG_JAVA','FRAME_SPRING','','library','Java','mockito-core','org.mockito','mockito-core','4.0.0','test','dependency','Swarup Mathurkar','2025-04-28 16:19:00.749983'),
	 ('jfs.newcomm.digitalapi.app.jpm:jpmdap-onboarding-commons:1.0.7-RELEASE:compile','LANG_JAVA','FRAME_DAP','','library','Java','jpmdap-onboarding-commons','jfs.newcomm.digitalapi.app.jpm','jpmdap-onboarding-commons','1.0.7-RELEASE','compile','dependency','Swarup Mathurkar','2025-04-28 16:19:00.745848'),
	 ('org.springframework.cloud:spring-cloud-starter-config:INHERITED:compile','LANG_JAVA','FRAME_SPRING','','library','Java','spring-cloud-starter-config','org.springframework.cloud','spring-cloud-starter-config','INHERITED','compile','dependency','Swarup Mathurkar','2025-04-28 16:19:00.746955'),
	 ('org.springdoc:springdoc-openapi-ui:1.6.4:compile','LANG_JAVA','FRAME_SPRING','','library','Java','springdoc-openapi-ui','org.springdoc','springdoc-openapi-ui','1.6.4','compile','dependency','Swarup Mathurkar','2025-04-28 16:19:00.749447'),
	 ('xerces:xercesImpl:2.12.0:test','LANG_JAVA','','','library','Java','xercesImpl','xerces','xercesImpl','2.12.0','test','dependency','Prasad Patil','2025-04-28 16:19:00.742581'),
	 ('org.springframework.boot:spring-boot-starter-test:2.5.0:test','LANG_JAVA','FRAME_SPRING','','library','Java','spring-boot-starter-test','org.springframework.boot','spring-boot-starter-test','2.5.0','test','dependency','Swarup Mathurkar','2025-04-28 16:19:00.750935');
INSERT INTO public."DEPENDENCIES" ("DEPEND_CODE","LANG_CODE","FRAME_CODE","FRAME_VER_CODE","CATEGORY","COMPATIBLE_WITH","DEPEND_NAME","GROUP_ID","ARTIFACT_ID","VERSION","SCOPE","DEPEND_CATEGORY","CREATED_BY","CREATED_AT") VALUES
	 ('org.mockito:mockito-junit-jupiter:2.23.0:test','LANG_JAVA','FRAME_SPRING','','library','Java','mockito-junit-jupiter','org.mockito','mockito-junit-jupiter','2.23.0','test','dependency','Swarup Mathurkar','2025-04-28 16:19:00.750434'),
	 ('com.googlecode.json-simple:json-simple:1.1.1:compile','LANG_JAVA','','','library','Java','json-simple','com.googlecode.json-simple','json-simple','1.1.1','compile','dependency','Prasad Patil','2025-04-28 16:19:00.744436'),
	 ('in.specmatic:junit5-support:0.65.1:test','LANG_JAVA','FRAME_SPRING','','library','Java','junit5-support','in.specmatic','junit5-support','0.65.1','test','dependency','Swarup Mathurkar','2025-04-28 16:19:00.75144'),
	 ('org.elasticsearch.client:transport:INHERITED:compile','LANG_JAVA','FRAME_SPRING','','library','Java','transport','org.elasticsearch.client','transport','INHERITED','compile','dependency','Prasad Patil','2025-04-28 16:19:00.714165'),
	 ('org.elasticsearch:elasticsearch:INHERITED:compile','LANG_JAVA','FRAME_SPRING','','library','Java','elasticsearch','org.elasticsearch','elasticsearch','INHERITED','compile','dependency','Prasad Patil','2025-04-28 16:19:00.724167'),
	 ('org.junit.jupiter:junit-jupiter-engine:INHERITED:test','LANG_JAVA','','','library','Java','junit-jupiter-engine','org.junit.jupiter','junit-jupiter-engine','INHERITED','test','dependency','Swarup Mathurkar','2025-04-28 16:19:00.748169'),
	 ('jio.digitalapi.platform.app:jio-digitalapi-platform-app-starter:${digitalapi-platform-app.version}:compile','LANG_JAVA','FRAME_DAP','','library','Java','jio-digitalapi-platform-app-starter','jio.digitalapi.platform.app','jio-digitalapi-platform-app-starter','${digitalapi-platform-app.version}','compile','dependency','Prasad Patil','2025-04-28 16:19:00.729919'),
	 ('in.specmatic:database-mock:0.61.6-db:test','LANG_JAVA','FRAME_SPRING','','library','Java','database-mock','in.specmatic','database-mock','0.61.6-db','test','dependency','Swarup Mathurkar','2025-04-28 16:19:00.751723'),
	 ('com.mockrunner:mockrunner-jdbc:2.0.6:test','LANG_JAVA','FRAME_SPRING','','library','Java','mockrunner-jdbc','com.mockrunner','mockrunner-jdbc','2.0.6','test','dependency','Swarup Mathurkar','2025-04-28 16:19:00.755823'),
	 ('jfs.newcomm.digitalapi.app.jpm:jpmdap-onboarding-datamodel:1.3.4-RELEASE:compile','LANG_JAVA','FRAME_DAP','','library','Java','jpmdap-onboarding-datamodel','jfs.newcomm.digitalapi.app.jpm','jpmdap-onboarding-datamodel','1.3.4-RELEASE','compile','dependency','Prasad Patil','2025-04-28 16:19:00.74112');
INSERT INTO public."DEPENDENCIES" ("DEPEND_CODE","LANG_CODE","FRAME_CODE","FRAME_VER_CODE","CATEGORY","COMPATIBLE_WITH","DEPEND_NAME","GROUP_ID","ARTIFACT_ID","VERSION","SCOPE","DEPEND_CATEGORY","CREATED_BY","CREATED_AT") VALUES
	 ('org.junit.vintage:junit-vintage-engine:INHERITED:test','LANG_JAVA','FRAME_SPRING','','library','Java','junit-vintage-engine','org.junit.vintage','junit-vintage-engine','INHERITED','test','dependency','Swarup Mathurkar','2025-04-28 16:19:00.757666'),
	 ('org.springframework.boot:spring-boot-starter-data-redis:2.6.7:compile','LANG_JAVA','FRAME_SPRING','','library','Java','spring-boot-starter-data-redis','org.springframework.boot','spring-boot-starter-data-redis','2.6.7','compile','dependency','Swarup Mathurkar','2025-04-28 16:19:00.758108'),
	 ('p6spy:p6spy:3.9.1:test','LANG_JAVA','','','library','Java','p6spy','p6spy','p6spy','3.9.1','test','dependency','Swarup Mathurkar','2025-04-28 16:19:00.754952'),
	 ('in.specmatic:specmatic-redis:0.5.0:test','LANG_JAVA','','','library','Java','specmatic-redis','in.specmatic','specmatic-redis','0.5.0','test','dependency','Swarup Mathurkar','2025-04-28 16:19:00.756992'),
	 ('org.elasticsearch.client:elasticsearch-rest-high-level-client:INHERITED:compile','LANG_JAVA','FRAME_SPRING','','library','Java','elasticsearch-rest-high-level-client','org.elasticsearch.client','elasticsearch-rest-high-level-client','INHERITED','compile','dependency','Prasad Patil','2025-04-28 16:19:00.724633'),
	 ('com.github.ulisesbocchio:jasypt-spring-boot:2.0.0:compile','LANG_JAVA','FRAME_SPRING','','library','Java','jasypt-spring-boot','com.github.ulisesbocchio','jasypt-spring-boot','2.0.0','compile','dependency','Swarup Mathurkar','2025-04-28 16:19:00.745395'),
	 ('org.springframework.boot:spring-boot-starter-data-jpa:INHERITED:compile','LANG_JAVA','FRAME_SPRING','','library','Java','spring-boot-starter-data-jpa','org.springframework.boot','spring-boot-starter-data-jpa','INHERITED','compile','dependency','Prasad Patil','2025-04-28 16:19:00.722349'),
	 ('com.oracle.database.jdbc:ojdbc8:19.17.0.0:compile','LANG_JAVA','FRAME_SPRING','','library','Java','ojdbc8','com.oracle.database.jdbc','ojdbc8','19.17.0.0','compile','dependency','Prasad Patil','2025-04-28 16:19:00.741844'),
	 ('com.jio.commons:jio-commons-logging:1.9.1:compile','LANG_CPP','FRAME_CPP','','library','C++','jio-commons-logging','com.jio.commons','jio-commons-logging','1.9.1','compile','dependency','Prasad Patil','2025-04-28 16:19:00.743931'),
	 ('DEPEND_CPP_BOOST','LANG_CPP','FRAME_BOOST',NULL,'library','CPP','Boost','org.boost','boost','1.84.0','compile','core','system','2025-05-23 09:59:19.742497');
INSERT INTO public."DEPENDENCIES" ("DEPEND_CODE","LANG_CODE","FRAME_CODE","FRAME_VER_CODE","CATEGORY","COMPATIBLE_WITH","DEPEND_NAME","GROUP_ID","ARTIFACT_ID","VERSION","SCOPE","DEPEND_CATEGORY","CREATED_BY","CREATED_AT") VALUES
	 ('DEPEND_CPP_POCO','LANG_CPP','FRAME_POCO',NULL,'library','CPP','Poco','org.poco','poco','1.13.0','compile','core','system','2025-05-23 09:59:19.742497'),
	 ('DEPEND_CPP_QT','LANG_CPP','FRAME_QT',NULL,'library','CPP','Qt','org.qt','qt','6.7.0','compile','ui','system','2025-05-23 09:59:19.742497'),
	 ('DEPEND_CPP_CROW','LANG_CPP','FRAME_CROW',NULL,'library','CPP','Crow','org.crow','crow','1.0','compile','web','system','2025-05-23 09:59:19.742497'),
	 ('DEPEND_CPP_CPPREST','LANG_CPP','FRAME_CPPREST',NULL,'library','CPP','CppRest','com.microsoft','cpprestsdk','2.10.18','compile','web','system','2025-05-23 09:59:19.742497'),
	 ('DEPEND_CPP_ACE','LANG_CPP','FRAME_ACE',NULL,'library','CPP','ACE','org.ace','ace','7.1.3','compile','core','system','2025-05-23 09:59:19.742497'),
	 ('DEPEND_CPP_GTEST','LANG_CPP','FRAME_GTEST',NULL,'library','CPP','GTest','org.gtest','gtest','1.14.0','test','testing','system','2025-05-23 09:59:19.742497'),
	 ('DEPEND_CPP_OPENFRAMEWORKS','LANG_CPP','FRAME_OPENFRAMEWORKS',NULL,'library','CPP','OpenFrameworks','org.openframeworks','openframeworks','0.12.0','compile','ui','system','2025-05-23 09:59:19.742497');
INSERT INTO public."DEPENDENCY_VERSIONS" ("DEPEND_VER_CODE","DEPEND_CODE","FRAME_VER_CODE","DEPENDVER","DEPEND_VERSION","IS_DEFAULT_DEPEND_VER","CREATED_BY","CREATED_AT") VALUES
	 ('DEP_VER_JAVA_LOMBOK_1_18_24','DEP_JAVA_LOMBOK_1_18_24','SPRING_5','Lombok','DEP_JAVA_LOMBOK_1_18_24|SPRING_5|1.18.24',true,'system','2025-05-19 12:33:12.40075'),
	 ('DEP_VER_JAVA_LOMBOK_1_18_36','DEP_JAVA_LOMBOK_1_18_36','SPRING_5','Lombok','DEP_JAVA_LOMBOK_1_18_36|SPRING_5|1.18.36',true,'system','2025-05-19 12:33:12.40075'),
	 ('DEP_VER_JAVA_SPRING_WEB_2_7_5','DEP_JAVA_SPRING_WEB_2_7_5','SPRING_5','Spring Boot Starter Web','DEP_JAVA_SPRING_WEB_2_7_5|SPRING_5|2.7.5',true,'system','2025-05-19 12:33:12.40075'),
	 ('DEP_VER_JAVA_SPRING_WEB_2_8_0','DEP_JAVA_SPRING_WEB_2_8_0','SPRING_5','Spring Boot Starter Web','DEP_JAVA_SPRING_WEB_2_8_0|SPRING_5|2.8.0',true,'system','2025-05-19 12:33:12.40075'),
	 ('DEP_VER_JS_AXIOS_0_27_2','DEP_JS_AXIOS_0_27_2','GENERIC','Axios','DEP_JS_AXIOS_0_27_2||0.27.2',true,'system','2025-05-19 12:33:12.40075'),
	 ('DEP_VER_JS_AXIOS_0_28_0','DEP_JS_AXIOS_0_28_0','GENERIC','Axios','DEP_JS_AXIOS_0_28_0||0.28.0',true,'system','2025-05-19 12:33:12.40075'),
	 ('DEP_VER_PYTHON_REQUESTS_2_28_1','DEP_PYTHON_REQUESTS_2_28_1','GENERIC','Requests','DEP_PYTHON_REQUESTS_2_28_1||2.28.1',true,'system','2025-05-19 12:33:12.40075'),
	 ('DEP_VER_PYTHON_REQUESTS_2_29_0','DEP_PYTHON_REQUESTS_2_29_0','GENERIC','Requests','DEP_PYTHON_REQUESTS_2_29_0||2.29.0',true,'system','2025-05-19 12:33:12.40075'),
	 ('DEP_VER_PYTHON_NUMPY_1_24_0','DEP_PYTHON_NUMPY_1_24_0','GENERIC','NumPy','DEP_PYTHON_NUMPY_1_24_0||1.24.0',true,'system','2025-05-19 12:33:12.40075'),
	 ('DEP_VER_PYTHON_NUMPY_1_25_0','DEP_PYTHON_NUMPY_1_25_0','GENERIC','NumPy','DEP_PYTHON_NUMPY_1_25_0||1.25.0',true,'system','2025-05-19 12:33:12.40075');
INSERT INTO public."DEPENDENCY_VERSIONS" ("DEPEND_VER_CODE","DEPEND_CODE","FRAME_VER_CODE","DEPENDVER","DEPEND_VERSION","IS_DEFAULT_DEPEND_VER","CREATED_BY","CREATED_AT") VALUES
	 ('DEP_VER_JS_EXPRESS_4_18_2','DEP_JS_EXPRESS_4_18_2','NODE_14','Express','DEP_JS_EXPRESS_4_18_2|NODE_14|4.18.2',true,'system','2025-05-19 12:33:12.40075'),
	 ('DEP_VER_JS_EXPRESS_4_19_0','DEP_JS_EXPRESS_4_19_0','NODE_14','Express','DEP_JS_EXPRESS_4_19_0|NODE_14|4.19.0',true,'system','2025-05-19 12:33:12.40075'),
	 ('DEP_VER_CS_NEWTONSOFT_JSON_13_0_1','DEP_CS_NEWTONSOFT_JSON_13_0_1','GENERIC','Newtonsoft.Json','DEP_CS_NEWTONSOFT_JSON_13_0_1||13.0.1',true,'system','2025-05-19 12:33:12.40075'),
	 ('DEP_VER_CS_NEWTONSOFT_JSON_13_1_0','DEP_CS_NEWTONSOFT_JSON_13_1_0','GENERIC','Newtonsoft.Json','DEP_CS_NEWTONSOFT_JSON_13_1_0||13.1.0',true,'system','2025-05-19 12:33:12.40075'),
	 ('DEP_VER_GO_GIN_1_9_0','DEP_GO_GIN_1_9_0','GENERIC','Gin','DEP_GO_GIN_1_9_0||1.9.0',true,'system','2025-05-19 12:33:12.40075'),
	 ('DEP_VER_GO_GIN_1_8_2','DEP_GO_GIN_1_8_2','GENERIC','Gin','DEP_GO_GIN_1_8_2||1.8.2',true,'system','2025-05-19 12:33:12.40075'),
	 ('DEP_VER_GO_ECHO_4_10_0','DEP_GO_ECHO_4_10_0','GENERIC','Echo','DEP_GO_ECHO_4_10_0||4.10.0',true,'system','2025-05-19 12:33:12.40075'),
	 ('DEP_VER_GO_BEGO_1_0_0','DEP_GO_BEGO_1_0_0','GENERIC','Beego','DEP_GO_BEGO_1_0_0||1.0.0',true,'system','2025-05-19 12:33:12.40075'),
	 ('DEP_VER_RS_ROCKET_0_5_0','DEP_RS_ROCKET_0_5_0','GENERIC','Rocket','DEP_RS_ROCKET_0_5_0||0.5.0',true,'system','2025-05-19 12:33:12.40075'),
	 ('DEP_VER_RS_ACTIX_0_13_0','DEP_RS_ACTIX_0_13_0','GENERIC','Actix','DEP_RS_ACTIX_0_13_0||0.13.0',true,'system','2025-05-19 12:33:12.40075');
INSERT INTO public."DEPENDENCY_VERSIONS" ("DEPEND_VER_CODE","DEPEND_CODE","FRAME_VER_CODE","DEPENDVER","DEPEND_VERSION","IS_DEFAULT_DEPEND_VER","CREATED_BY","CREATED_AT") VALUES
	 ('DEP_VER_RS_TIDE_0_16_0','DEP_RS_TIDE_0_16_0','GENERIC','Tide','DEP_RS_TIDE_0_16_0||0.16.0',true,'system','2025-05-19 12:33:12.40075'),
	 ('DEP_VER_PHP_LARAVEL_10_0_0','DEP_PHP_LARAVEL_10_0_0','LARAVEL_10','Laravel','DEP_PHP_LARAVEL_10_0_0|LARAVEL_10|10.0.0',true,'system','2025-05-19 12:33:12.40075'),
	 ('DEP_VER_PHP_LARAVEL_9_0_0','DEP_PHP_LARAVEL_9_0_0','LARAVEL_9','Laravel','DEP_PHP_LARAVEL_9_0_0|LARAVEL_9|9.0.0',true,'system','2025-05-19 12:33:12.40075'),
	 ('DEP_VER_PHP_SYMFONY_6_2_0','DEP_PHP_SYMFONY_6_2_0','SYMFONY_6','Symfony','DEP_PHP_SYMFONY_6_2_0|SYMFONY_6|6.2.0',true,'system','2025-05-19 12:33:12.40075'),
	 ('DEP_VER_PHP_CODEIGNITER_4_3_0','DEP_PHP_CODEIGNITER_4_3_0','CI_4_3','CodeIgniter','DEP_PHP_CODEIGNITER_4_3_0|CI_4_3|4.3.0',true,'system','2025-05-19 12:33:12.40075'),
	 ('DEP_VER_SWIFT_VAPOR_4_0_0','DEP_SWIFT_VAPOR_4_0_0','VAPOR_4','Vapor','DEP_SWIFT_VAPOR_4_0_0|VAPOR_4|4.0.0',true,'system','2025-05-19 12:33:12.40075'),
	 ('DEP_VER_SWIFT_VAPOR_3_3_0','DEP_SWIFT_VAPOR_3_3_0','VAPOR_3','Vapor','DEP_SWIFT_VAPOR_3_3_0|VAPOR_3|3.3.0',true,'system','2025-05-19 12:33:12.40075'),
	 ('DEP_VER_SWIFT_KITURA_2_9_0','DEP_SWIFT_KITURA_2_9_0','GENERIC','Kitura','DEP_SWIFT_KITURA_2_9_0||2.9.0',true,'system','2025-05-19 12:33:12.40075'),
	 ('DEP_VER_KT_KTOR_2_3_0','DEP_KT_KTOR_2_3_0','KTOR_2_3','Ktor','DEP_KT_KTOR_2_3_0|KTOR_2_3|2.3.0',true,'system','2025-05-19 12:33:12.40075'),
	 ('DEP_VER_KT_KTOR_2_2_0','DEP_KT_KTOR_2_2_0','KTOR_2_2','Ktor','DEP_KT_KTOR_2_2_0|KTOR_2_2|2.2.0',true,'system','2025-05-19 12:33:12.40075');
INSERT INTO public."DEPENDENCY_VERSIONS" ("DEPEND_VER_CODE","DEPEND_CODE","FRAME_VER_CODE","DEPENDVER","DEPEND_VERSION","IS_DEFAULT_DEPEND_VER","CREATED_BY","CREATED_AT") VALUES
	 ('DEP_VER_KT_SPRING_3_1_0','DEP_KT_SPRING_3_1_0','SPRING_3_1','Spring Boot','DEP_KT_SPRING_3_1_0|SPRING_3_1|3.1.0',true,'system','2025-05-19 12:33:12.40075'),
	 ('DEP_VER_KT_EXPOSED_0_41_1','DEP_KT_EXPOSED_0_41_1','GENERIC','Exposed','DEP_KT_EXPOSED_0_41_1||0.41.1',true,'system','2025-05-19 12:33:12.40075'),
	 ('DEP_VER_DART_FLUTTER_3_10_0','DEP_DART_FLUTTER_3_10_0','FLUTTER_3_10','Flutter','DEP_DART_FLUTTER_3_10_0|FLUTTER_3_10|3.10.0',true,'system','2025-05-19 12:33:12.40075'),
	 ('DEP_VER_DART_FLUTTER_3_7_0','DEP_DART_FLUTTER_3_7_0','FLUTTER_3_7','Flutter','DEP_DART_FLUTTER_3_7_0|FLUTTER_3_7|3.7.0',true,'system','2025-05-19 12:33:12.40075'),
	 ('DEP_VER_DART_ANGULARDART_6_0_0','DEP_DART_ANGULARDART_6_0_0','GENERIC','AngularDart','DEP_DART_ANGULARDART_6_0_0||6.0.0',true,'system','2025-05-19 12:33:12.40075'),
	 ('DEP_VER_RB_RAILS_7_1_0','DEP_RB_RAILS_7_1_0','RAILS_7_1','Rails','DEP_RB_RAILS_7_1_0|RAILS_7_1|7.1.0',true,'system','2025-05-19 12:33:12.40075'),
	 ('DEP_VER_RB_RAILS_6_1_0','DEP_RB_RAILS_6_1_0','RAILS_6_1','Rails','DEP_RB_RAILS_6_1_0|RAILS_6_1|6.1.0',true,'system','2025-05-19 12:33:12.40075'),
	 ('DEP_VER_RB_SINATRA_3_0_0','DEP_RB_SINATRA_3_0_0','GENERIC','Sinatra','DEP_RB_SINATRA_3_0_0||3.0.0',true,'system','2025-05-19 12:33:12.40075'),
	 ('DEP_VER_RB_PADRINO_0_15_1','DEP_RB_PADRINO_0_15_1','GENERIC','Padrino','DEP_RB_PADRINO_0_15_1||0.15.1',true,'system','2025-05-19 12:33:12.40075');
INSERT INTO public."FRAMEWORKS" ("FRAME_CODE","FRAME_NAME","LANG_CODE","IS_DEFAULT_FRAME","CREATED_BY","CREATED_AT") VALUES
	 ('FRAME_DJANGO','Django','LANG_PY',true,'system','2025-05-19 12:33:40.742704'),
	 ('FRAME_FLASK','Flask','LANG_PY',false,'system','2025-05-19 12:33:40.742704'),
	 ('FRAME_FASTAPI','FastAPI','LANG_PY',false,'system','2025-05-19 12:33:40.742704'),
	 ('FRAME_PYRAMID','Pyramid','LANG_PY',false,'system','2025-05-19 12:33:40.742704'),
	 ('FRAME_WEB2PY','Web2py','LANG_PY',false,'system','2025-05-19 12:33:40.742704'),
	 ('FRAME_REACT','React','LANG_JS',true,'system','2025-05-19 12:33:40.742704'),
	 ('FRAME_ANGULAR','Angular','LANG_JS',false,'system','2025-05-19 12:33:40.742704'),
	 ('FRAME_VUE','Vue.js','LANG_JS',false,'system','2025-05-19 12:33:40.742704'),
	 ('FRAME_EXPRESS','Express','LANG_JS',false,'system','2025-05-19 12:33:40.742704'),
	 ('FRAME_SVELTE','Svelte','LANG_JS',false,'system','2025-05-19 12:33:40.742704');
INSERT INTO public."FRAMEWORKS" ("FRAME_CODE","FRAME_NAME","LANG_CODE","IS_DEFAULT_FRAME","CREATED_BY","CREATED_AT") VALUES
	 ('FRAME_NEXTJS','Next.js','LANG_JS',false,'system','2025-05-19 12:33:40.742704'),
	 ('FRAME_NESTJS','NestJS','LANG_TS',true,'system','2025-05-19 12:33:40.742704'),
	 ('FRAME_REMIX','Remix','LANG_TS',false,'system','2025-05-19 12:33:40.742704'),
	 ('FRAME_SPRING','Spring Framework','LANG_JAVA',true,'system','2025-05-19 12:33:40.742704'),
	 ('FRAME_STRUTS','Apache Struts','LANG_JAVA',false,'system','2025-05-19 12:33:40.742704'),
	 ('FRAME_JSF','JavaServer Faces','LANG_JAVA',false,'system','2025-05-19 12:33:40.742704'),
	 ('FRAME_MICRONAUT','Micronaut','LANG_JAVA',false,'system','2025-05-19 12:33:40.742704'),
	 ('FRAME_QUARKUS','Quarkus','LANG_JAVA',false,'system','2025-05-19 12:33:40.742704'),
	 ('FRAME_ASPNET','ASP.NET','LANG_CS',true,'system','2025-05-19 12:33:40.742704'),
	 ('FRAME_BLAZOR','Blazor','LANG_CS',false,'system','2025-05-19 12:33:40.742704');
INSERT INTO public."FRAMEWORKS" ("FRAME_CODE","FRAME_NAME","LANG_CODE","IS_DEFAULT_FRAME","CREATED_BY","CREATED_AT") VALUES
	 ('FRAME_GIN','Gin','LANG_GO',true,'system','2025-05-19 12:33:40.742704'),
	 ('FRAME_BEGO','Beego','LANG_GO',false,'system','2025-05-19 12:33:40.742704'),
	 ('FRAME_ECHO','Echo','LANG_GO',false,'system','2025-05-19 12:33:40.742704'),
	 ('FRAME_LARAVEL','Laravel','LANG_PHP',true,'system','2025-05-19 12:33:40.742704'),
	 ('FRAME_SYMFONY','Symfony','LANG_PHP',false,'system','2025-05-19 12:33:40.742704'),
	 ('FRAME_CODEIGNITER','CodeIgniter','LANG_PHP',false,'system','2025-05-19 12:33:40.742704'),
	 ('FRAME_YII','Yii','LANG_PHP',false,'system','2025-05-19 12:33:40.742704'),
	 ('FRAME_ZEND','Zend Framework','LANG_PHP',false,'system','2025-05-19 12:33:40.742704'),
	 ('FRAME_RAILS','Ruby on Rails','LANG_RB',true,'system','2025-05-19 12:33:40.742704'),
	 ('FRAME_SINATRA','Sinatra','LANG_RB',false,'system','2025-05-19 12:33:40.742704');
INSERT INTO public."FRAMEWORKS" ("FRAME_CODE","FRAME_NAME","LANG_CODE","IS_DEFAULT_FRAME","CREATED_BY","CREATED_AT") VALUES
	 ('FRAME_KITURA','Kitura','LANG_SWIFT',true,'system','2025-05-19 12:33:40.742704'),
	 ('FRAME_VAPOR','Vapor','LANG_SWIFT',false,'system','2025-05-19 12:33:40.742704'),
	 ('FRAME_KTOR','Ktor','LANG_KT',true,'system','2025-05-19 12:33:40.742704'),
	 ('FRAME_SPRINGKT','Spring for Kotlin','LANG_KT',false,'system','2025-05-19 12:33:40.742704'),
	 ('FRAME_FLUTTERWEB','Flutter (Web)','LANG_DART',true,'system','2025-05-19 12:33:40.742704'),
	 ('FRAME_ANGULARD','AngularDart','LANG_DART',false,'system','2025-05-19 12:33:40.742704'),
	 ('FRAME_PLAY','Play Framework','LANG_SCALA',true,'system','2025-05-19 12:33:40.742704'),
	 ('FRAME_AKKA','Akka HTTP','LANG_SCALA',false,'system','2025-05-19 12:33:40.742704'),
	 ('FRAME_PHOENIX','Phoenix','LANG_EX',true,'system','2025-05-19 12:33:40.742704'),
	 ('FRAME_NERVES','Nerves','LANG_EX',false,'system','2025-05-19 12:33:40.742704');
INSERT INTO public."FRAMEWORKS" ("FRAME_CODE","FRAME_NAME","LANG_CODE","IS_DEFAULT_FRAME","CREATED_BY","CREATED_AT") VALUES
	 ('FRAME_ACTIX','Actix Web','LANG_RUST',true,'system','2025-05-19 12:33:40.742704'),
	 ('FRAME_QT','Qt','LANG_C++',true,'system','2025-05-21 11:59:59.357896'),
	 ('FRAME_ROCKET','Rocket','LANG_CPP',false,'system','2025-05-19 12:33:40.742704'),
	 ('FRAME_BOOST','Boost','LANG_CPP',true,'system','2025-05-23 09:55:57.506315'),
	 ('FRAME_POCO','POCO','LANG_CPP',true,'system','2025-05-23 09:56:30.931283'),
	 ('FRAME_CROW','Crow','LANG_CPP',true,'system','2025-05-23 09:56:47.49593'),
	 ('FRAME_CPPREST','C++ REST SDK','LANG_CPP',true,'system','2025-05-23 09:56:47.49593'),
	 ('FRAME_FOLLY','Folly','LANG_CPP',true,'system','2025-05-23 09:56:47.49593'),
	 ('FRAME_ACE','ACE','LANG_CPP',true,'system','2025-05-23 09:56:47.49593'),
	 ('FRAME_GTEST','Google Test','LANG_CPP',true,'system','2025-05-23 09:56:47.49593');
INSERT INTO public."FRAMEWORKS" ("FRAME_CODE","FRAME_NAME","LANG_CODE","IS_DEFAULT_FRAME","CREATED_BY","CREATED_AT") VALUES
	 ('FRAME_CATCH2','Catch2','LANG_CPP',true,'system','2025-05-23 09:56:47.49593'),
	 ('FRAME_OPENFRAMEWORKS','openFrameworks','LANG_CPP',true,'system','2025-05-23 09:56:47.49593');
INSERT INTO public."FRAMEWORK_VERSIONS" ("FRAME_VER_CODE","FRAME_CODE","FRAMEVER","FRAME_VERSION","IS_DEFAULT_FRAME_VER","CREATED_BY","CREATED_AT") VALUES
	 ('FRAME_LARAVEL_8.x','FRAME_LARAVEL','8.x','FRAME_LARAVEL|8.x',false,'system','2025-05-19 12:33:26.224531'),
	 ('FRAME_LARAVEL_9.x','FRAME_LARAVEL','9.x','FRAME_LARAVEL|9.x',false,'system','2025-05-19 12:33:26.224531'),
	 ('FRAME_LARAVEL_10.x','FRAME_LARAVEL','10.x','FRAME_LARAVEL|10.x',false,'system','2025-05-19 12:33:26.224531'),
	 ('FRAME_LARAVEL_11.x','FRAME_LARAVEL','11.x','FRAME_LARAVEL|11.x',false,'system','2025-05-19 12:33:26.224531'),
	 ('FRAME_LARAVEL_12.x','FRAME_LARAVEL','12.x','FRAME_LARAVEL|12.x',true,'system','2025-05-19 12:33:26.224531'),
	 ('FRAME_DJANGO_3.2','FRAME_DJANGO','3.2','FRAME_DJANGO|3.2',false,'system','2025-05-19 12:33:26.224531'),
	 ('FRAME_DJANGO_4.0','FRAME_DJANGO','4.0','FRAME_DJANGO|4.0',false,'system','2025-05-19 12:33:26.224531'),
	 ('FRAME_DJANGO_4.2','FRAME_DJANGO','4.2','FRAME_DJANGO|4.2',false,'system','2025-05-19 12:33:26.224531'),
	 ('FRAME_DJANGO_6.0','FRAME_DJANGO','6.0','FRAME_DJANGO|6.0',true,'system','2025-05-19 12:33:26.224531'),
	 ('FRAME_FLASK_1.1','FRAME_FLASK','1.1','FRAME_FLASK|1.1',false,'system','2025-05-19 12:33:26.224531');
INSERT INTO public."FRAMEWORK_VERSIONS" ("FRAME_VER_CODE","FRAME_CODE","FRAMEVER","FRAME_VERSION","IS_DEFAULT_FRAME_VER","CREATED_BY","CREATED_AT") VALUES
	 ('FRAME_FLASK_2.0','FRAME_FLASK','2.0','FRAME_FLASK|2.0',false,'system','2025-05-19 12:33:26.224531'),
	 ('FRAME_FLASK_2.2','FRAME_FLASK','2.2','FRAME_FLASK|2.2',true,'system','2025-05-19 12:33:26.224531'),
	 ('FRAME_RAILS_6.1','FRAME_RAILS','6.1','FRAME_RAILS|6.1',false,'system','2025-05-19 12:33:26.224531'),
	 ('FRAME_RAILS_7.0','FRAME_RAILS','7.0','FRAME_RAILS|7.0',false,'system','2025-05-19 12:33:26.224531'),
	 ('FRAME_RAILS_7.2','FRAME_RAILS','7.2','FRAME_RAILS|7.2',false,'system','2025-05-19 12:33:26.224531'),
	 ('FRAME_RAILS_8.0','FRAME_RAILS','8.0','FRAME_RAILS|8.0',true,'system','2025-05-19 12:33:26.224531'),
	 ('FRAME_SPRING_1.5.0','FRAME_SPRING','1.5.0','FRAME_SPRING|1.5.0',false,'system','2025-05-19 12:33:26.224531'),
	 ('FRAME_SPRING_1.5.1','FRAME_SPRING','1.5.1','FRAME_SPRING|1.5.1',false,'system','2025-05-19 12:33:26.224531'),
	 ('FRAME_SPRING_1.5.2','FRAME_SPRING','1.5.2','FRAME_SPRING|1.5.2',false,'system','2025-05-19 12:33:26.224531'),
	 ('FRAME_SPRING_1.5.3','FRAME_SPRING','1.5.3','FRAME_SPRING|1.5.3',false,'system','2025-05-19 12:33:26.224531');
INSERT INTO public."FRAMEWORK_VERSIONS" ("FRAME_VER_CODE","FRAME_CODE","FRAMEVER","FRAME_VERSION","IS_DEFAULT_FRAME_VER","CREATED_BY","CREATED_AT") VALUES
	 ('FRAME_SPRING_1.5.4','FRAME_SPRING','1.5.4','FRAME_SPRING|1.5.4',false,'system','2025-05-19 12:33:26.224531'),
	 ('FRAME_SPRING_1.5.5','FRAME_SPRING','1.5.5','FRAME_SPRING|1.5.5',false,'system','2025-05-19 12:33:26.224531'),
	 ('FRAME_SPRING_1.5.6','FRAME_SPRING','1.5.6','FRAME_SPRING|1.5.6',false,'system','2025-05-19 12:33:26.224531'),
	 ('FRAME_SPRING_1.5.7','FRAME_SPRING','1.5.7','FRAME_SPRING|1.5.7',false,'system','2025-05-19 12:33:26.224531'),
	 ('FRAME_SPRING_1.5.8','FRAME_SPRING','1.5.8','FRAME_SPRING|1.5.8',false,'system','2025-05-19 12:33:26.224531'),
	 ('FRAME_SPRING_1.5.9','FRAME_SPRING','1.5.9','FRAME_SPRING|1.5.9',false,'system','2025-05-19 12:33:26.224531'),
	 ('FRAME_SPRING_1.5.10','FRAME_SPRING','1.5.10','FRAME_SPRING|1.5.10',false,'system','2025-05-19 12:33:26.224531'),
	 ('FRAME_SPRING_1.5.11','FRAME_SPRING','1.5.11','FRAME_SPRING|1.5.11',false,'system','2025-05-19 12:33:26.224531'),
	 ('FRAME_SPRING_1.5.12','FRAME_SPRING','1.5.12','FRAME_SPRING|1.5.12',false,'system','2025-05-19 12:33:26.224531'),
	 ('FRAME_SPRING_1.5.13','FRAME_SPRING','1.5.13','FRAME_SPRING|1.5.13',false,'system','2025-05-19 12:33:26.224531');
INSERT INTO public."FRAMEWORK_VERSIONS" ("FRAME_VER_CODE","FRAME_CODE","FRAMEVER","FRAME_VERSION","IS_DEFAULT_FRAME_VER","CREATED_BY","CREATED_AT") VALUES
	 ('FRAME_SPRING_1.5.14','FRAME_SPRING','1.5.14','FRAME_SPRING|1.5.14',false,'system','2025-05-19 12:33:26.224531'),
	 ('FRAME_SPRING_1.5.15','FRAME_SPRING','1.5.15','FRAME_SPRING|1.5.15',false,'system','2025-05-19 12:33:26.224531'),
	 ('FRAME_SPRING_1.5.16','FRAME_SPRING','1.5.16','FRAME_SPRING|1.5.16',false,'system','2025-05-19 12:33:26.224531'),
	 ('FRAME_SPRING_1.5.17','FRAME_SPRING','1.5.17','FRAME_SPRING|1.5.17',false,'system','2025-05-19 12:33:26.224531'),
	 ('FRAME_SPRING_1.5.18','FRAME_SPRING','1.5.18','FRAME_SPRING|1.5.18',false,'system','2025-05-19 12:33:26.224531'),
	 ('FRAME_SPRING_1.5.19','FRAME_SPRING','1.5.19','FRAME_SPRING|1.5.19',false,'system','2025-05-19 12:33:26.224531'),
	 ('FRAME_SPRING_2.0.0','FRAME_SPRING','2.0.0','FRAME_SPRING|2.0.0',false,'system','2025-05-19 12:33:26.224531'),
	 ('FRAME_SPRING_2.1.0','FRAME_SPRING','2.1.0','FRAME_SPRING|2.1.0',false,'system','2025-05-19 12:33:26.224531'),
	 ('FRAME_SPRING_2.2.0','FRAME_SPRING','2.2.0','FRAME_SPRING|2.2.0',false,'system','2025-05-19 12:33:26.224531'),
	 ('FRAME_SPRING_2.3.0','FRAME_SPRING','2.3.0','FRAME_SPRING|2.3.0',false,'system','2025-05-19 12:33:26.224531');
INSERT INTO public."FRAMEWORK_VERSIONS" ("FRAME_VER_CODE","FRAME_CODE","FRAMEVER","FRAME_VERSION","IS_DEFAULT_FRAME_VER","CREATED_BY","CREATED_AT") VALUES
	 ('FRAME_SPRING_2.4.0','FRAME_SPRING','2.4.0','FRAME_SPRING|2.4.0',false,'system','2025-05-19 12:33:26.224531'),
	 ('FRAME_SPRING_2.5.0','FRAME_SPRING','2.5.0','FRAME_SPRING|2.5.0',false,'system','2025-05-19 12:33:26.224531'),
	 ('FRAME_SPRING_2.6.0','FRAME_SPRING','2.6.0','FRAME_SPRING|2.6.0',false,'system','2025-05-19 12:33:26.224531'),
	 ('FRAME_SPRING_2.7.0','FRAME_SPRING','2.7.0','FRAME_SPRING|2.7.0',false,'system','2025-05-19 12:33:26.224531'),
	 ('FRAME_SPRING_3.0.0','FRAME_SPRING','3.0.0','FRAME_SPRING|3.0.0',false,'system','2025-05-19 12:33:26.224531'),
	 ('FRAME_SPRING_3.0.1','FRAME_SPRING','3.0.1','FRAME_SPRING|3.0.1',false,'system','2025-05-19 12:33:26.224531'),
	 ('FRAME_SPRING_3.0.2','FRAME_SPRING','3.0.2','FRAME_SPRING|3.0.2',false,'system','2025-05-19 12:33:26.224531'),
	 ('FRAME_SPRING_3.0.3','FRAME_SPRING','3.0.3','FRAME_SPRING|3.0.3',false,'system','2025-05-19 12:33:26.224531'),
	 ('FRAME_SPRING_3.1.0','FRAME_SPRING','3.1.0','FRAME_SPRING|3.1.0',false,'system','2025-05-19 12:33:26.224531'),
	 ('FRAME_SPRING_3.1.1','FRAME_SPRING','3.1.1','FRAME_SPRING|3.1.1',false,'system','2025-05-19 12:33:26.224531');
INSERT INTO public."FRAMEWORK_VERSIONS" ("FRAME_VER_CODE","FRAME_CODE","FRAMEVER","FRAME_VERSION","IS_DEFAULT_FRAME_VER","CREATED_BY","CREATED_AT") VALUES
	 ('FRAME_SPRING_3.1.2','FRAME_SPRING','3.1.2','FRAME_SPRING|3.1.2',false,'system','2025-05-19 12:33:26.224531'),
	 ('FRAME_SPRING_3.1.3','FRAME_SPRING','3.1.3','FRAME_SPRING|3.1.3',false,'system','2025-05-19 12:33:26.224531'),
	 ('FRAME_SPRING_3.2.0','FRAME_SPRING','3.2.0','FRAME_SPRING|3.2.0',false,'system','2025-05-19 12:33:26.224531'),
	 ('FRAME_SPRING_3.2.1','FRAME_SPRING','3.2.1','FRAME_SPRING|3.2.1',false,'system','2025-05-19 12:33:26.224531'),
	 ('FRAME_SPRING_3.2.2','FRAME_SPRING','3.2.2','FRAME_SPRING|3.2.2',false,'system','2025-05-19 12:33:26.224531'),
	 ('FRAME_SPRING_3.2.3','FRAME_SPRING','3.2.3','FRAME_SPRING|3.2.3',false,'system','2025-05-19 12:33:26.224531'),
	 ('FRAME_SPRING_3.3.0','FRAME_SPRING','3.3.0','FRAME_SPRING|3.3.0',false,'system','2025-05-19 12:33:26.224531'),
	 ('FRAME_SPRING_3.3.1','FRAME_SPRING','3.3.1','FRAME_SPRING|3.3.1',false,'system','2025-05-19 12:33:26.224531'),
	 ('FRAME_SPRING_3.4.0','FRAME_SPRING','3.4.0','FRAME_SPRING|3.4.0',false,'system','2025-05-19 12:33:26.224531'),
	 ('FRAME_SPRING_3.4.1','FRAME_SPRING','3.4.1','FRAME_SPRING|3.4.1',false,'system','2025-05-19 12:33:26.224531');
INSERT INTO public."FRAMEWORK_VERSIONS" ("FRAME_VER_CODE","FRAME_CODE","FRAMEVER","FRAME_VERSION","IS_DEFAULT_FRAME_VER","CREATED_BY","CREATED_AT") VALUES
	 ('FRAME_SPRING_3.4.2','FRAME_SPRING','3.4.2','FRAME_SPRING|3.4.2',false,'system','2025-05-19 12:33:26.224531'),
	 ('FRAME_SPRING_3.4.3','FRAME_SPRING','3.4.3','FRAME_SPRING|3.4.3',false,'system','2025-05-19 12:33:26.224531'),
	 ('FRAME_SPRING_3.4.4','FRAME_SPRING','3.4.4','FRAME_SPRING|3.4.4',true,'system','2025-05-19 12:33:26.224531'),
	 ('FRAME_EXPRESS_4','FRAME_EXPRESS','4.x','FRAME_EXPRESS|4.x',false,'system','2025-05-19 12:33:26.224531'),
	 ('FRAME_EXPRESS_5','FRAME_EXPRESS','5.0.0','FRAME_EXPRESS|5.0.0',true,'system','2025-05-19 12:33:26.224531'),
	 ('FRAME_ANGULAR_2_0_0','FRAME_ANGULAR','2.0.0','FRAME_ANGULAR|2.0.0',false,'system','2025-05-19 12:33:26.224531'),
	 ('FRAME_ANGULAR_2_1_0','FRAME_ANGULAR','2.1.0','FRAME_ANGULAR|2.1.0',false,'system','2025-05-19 12:33:26.224531'),
	 ('FRAME_ANGULAR_2_2_0','FRAME_ANGULAR','2.2.0','FRAME_ANGULAR|2.2.0',false,'system','2025-05-19 12:33:26.224531'),
	 ('FRAME_ANGULAR_2_3_0','FRAME_ANGULAR','2.3.0','FRAME_ANGULAR|2.3.0',false,'system','2025-05-19 12:33:26.224531'),
	 ('FRAME_ANGULAR_2_4_0','FRAME_ANGULAR','2.4.0','FRAME_ANGULAR|2.4.0',false,'system','2025-05-19 12:33:26.224531');
INSERT INTO public."FRAMEWORK_VERSIONS" ("FRAME_VER_CODE","FRAME_CODE","FRAMEVER","FRAME_VERSION","IS_DEFAULT_FRAME_VER","CREATED_BY","CREATED_AT") VALUES
	 ('FRAME_ANGULAR_4_0_0','FRAME_ANGULAR','4.0.0','FRAME_ANGULAR|4.0.0',false,'system','2025-05-19 12:33:26.224531'),
	 ('FRAME_ANGULAR_4_1_0','FRAME_ANGULAR','4.1.0','FRAME_ANGULAR|4.1.0',false,'system','2025-05-19 12:33:26.224531'),
	 ('FRAME_ANGULAR_4_2_0','FRAME_ANGULAR','4.2.0','FRAME_ANGULAR|4.2.0',false,'system','2025-05-19 12:33:26.224531'),
	 ('FRAME_ANGULAR_4_3_0','FRAME_ANGULAR','4.3.0','FRAME_ANGULAR|4.3.0',false,'system','2025-05-19 12:33:26.224531'),
	 ('FRAME_ANGULAR_4_4_0','FRAME_ANGULAR','4.4.0','FRAME_ANGULAR|4.4.0',false,'system','2025-05-19 12:33:26.224531'),
	 ('FRAME_ANGULAR_5_0_0','FRAME_ANGULAR','5.0.0','FRAME_ANGULAR|5.0.0',false,'system','2025-05-19 12:33:26.224531'),
	 ('FRAME_ANGULAR_5_1_0','FRAME_ANGULAR','5.1.0','FRAME_ANGULAR|5.1.0',false,'system','2025-05-19 12:33:26.224531'),
	 ('FRAME_ANGULAR_5_2_0','FRAME_ANGULAR','5.2.0','FRAME_ANGULAR|5.2.0',false,'system','2025-05-19 12:33:26.224531'),
	 ('FRAME_ANGULAR_5_3_0','FRAME_ANGULAR','5.3.0','FRAME_ANGULAR|5.3.0',false,'system','2025-05-19 12:33:26.224531'),
	 ('FRAME_ANGULAR_6_0_0','FRAME_ANGULAR','6.0.0','FRAME_ANGULAR|6.0.0',false,'system','2025-05-19 12:33:26.224531');
INSERT INTO public."FRAMEWORK_VERSIONS" ("FRAME_VER_CODE","FRAME_CODE","FRAMEVER","FRAME_VERSION","IS_DEFAULT_FRAME_VER","CREATED_BY","CREATED_AT") VALUES
	 ('FRAME_ANGULAR_6_1_0','FRAME_ANGULAR','6.1.0','FRAME_ANGULAR|6.1.0',false,'system','2025-05-19 12:33:26.224531'),
	 ('FRAME_ANGULAR_6_2_0','FRAME_ANGULAR','6.2.0','FRAME_ANGULAR|6.2.0',false,'system','2025-05-19 12:33:26.224531'),
	 ('FRAME_ANGULAR_6_3_0','FRAME_ANGULAR','6.3.0','FRAME_ANGULAR|6.3.0',false,'system','2025-05-19 12:33:26.224531'),
	 ('FRAME_ANGULAR_7_0_0','FRAME_ANGULAR','7.0.0','FRAME_ANGULAR|7.0.0',false,'system','2025-05-19 12:33:26.224531'),
	 ('FRAME_ANGULAR_7_1_0','FRAME_ANGULAR','7.1.0','FRAME_ANGULAR|7.1.0',false,'system','2025-05-19 12:33:26.224531'),
	 ('FRAME_ANGULAR_7_2_0','FRAME_ANGULAR','7.2.0','FRAME_ANGULAR|7.2.0',false,'system','2025-05-19 12:33:26.224531'),
	 ('FRAME_ANGULAR_7_3_0','FRAME_ANGULAR','7.3.0','FRAME_ANGULAR|7.3.0',false,'system','2025-05-19 12:33:26.224531'),
	 ('FRAME_ANGULAR_8_0_0','FRAME_ANGULAR','8.0.0','FRAME_ANGULAR|8.0.0',false,'system','2025-05-19 12:33:26.224531'),
	 ('FRAME_ANGULAR_8_1_0','FRAME_ANGULAR','8.1.0','FRAME_ANGULAR|8.1.0',false,'system','2025-05-19 12:33:26.224531'),
	 ('FRAME_ANGULAR_8_2_0','FRAME_ANGULAR','8.2.0','FRAME_ANGULAR|8.2.0',false,'system','2025-05-19 12:33:26.224531');
INSERT INTO public."FRAMEWORK_VERSIONS" ("FRAME_VER_CODE","FRAME_CODE","FRAMEVER","FRAME_VERSION","IS_DEFAULT_FRAME_VER","CREATED_BY","CREATED_AT") VALUES
	 ('FRAME_ANGULAR_8_3_0','FRAME_ANGULAR','8.3.0','FRAME_ANGULAR|8.3.0',false,'system','2025-05-19 12:33:26.224531'),
	 ('FRAME_ANGULAR_9_0_0','FRAME_ANGULAR','9.0.0','FRAME_ANGULAR|9.0.0',false,'system','2025-05-19 12:33:26.224531'),
	 ('FRAME_ANGULAR_9_1_0','FRAME_ANGULAR','9.1.0','FRAME_ANGULAR|9.1.0',false,'system','2025-05-19 12:33:26.224531'),
	 ('FRAME_ANGULAR_9_2_0','FRAME_ANGULAR','9.2.0','FRAME_ANGULAR|9.2.0',false,'system','2025-05-19 12:33:26.224531'),
	 ('FRAME_ANGULAR_10_0_0','FRAME_ANGULAR','10.0.0','FRAME_ANGULAR|10.0.0',false,'system','2025-05-19 12:33:26.224531'),
	 ('FRAME_ANGULAR_10_1_0','FRAME_ANGULAR','10.1.0','FRAME_ANGULAR|10.1.0',false,'system','2025-05-19 12:33:26.224531'),
	 ('FRAME_ANGULAR_11_0_0','FRAME_ANGULAR','11.0.0','FRAME_ANGULAR|11.0.0',false,'system','2025-05-19 12:33:26.224531'),
	 ('FRAME_ANGULAR_11_1_0','FRAME_ANGULAR','11.1.0','FRAME_ANGULAR|11.1.0',false,'system','2025-05-19 12:33:26.224531'),
	 ('FRAME_ANGULAR_12_0_0','FRAME_ANGULAR','12.0.0','FRAME_ANGULAR|12.0.0',false,'system','2025-05-19 12:33:26.224531'),
	 ('FRAME_ANGULAR_12_1_0','FRAME_ANGULAR','12.1.0','FRAME_ANGULAR|12.1.0',false,'system','2025-05-19 12:33:26.224531');
INSERT INTO public."FRAMEWORK_VERSIONS" ("FRAME_VER_CODE","FRAME_CODE","FRAMEVER","FRAME_VERSION","IS_DEFAULT_FRAME_VER","CREATED_BY","CREATED_AT") VALUES
	 ('FRAME_ANGULAR_13_0_0','FRAME_ANGULAR','13.0.0','FRAME_ANGULAR|13.0.0',false,'system','2025-05-19 12:33:26.224531'),
	 ('FRAME_ANGULAR_13_1_0','FRAME_ANGULAR','13.1.0','FRAME_ANGULAR|13.1.0',false,'system','2025-05-19 12:33:26.224531'),
	 ('FRAME_ANGULAR_14_0_0','FRAME_ANGULAR','14.0.0','FRAME_ANGULAR|14.0.0',false,'system','2025-05-19 12:33:26.224531'),
	 ('FRAME_ANGULAR_14_1_0','FRAME_ANGULAR','14.1.0','FRAME_ANGULAR|14.1.0',false,'system','2025-05-19 12:33:26.224531'),
	 ('FRAME_ANGULAR_15_0_0','FRAME_ANGULAR','15.0.0','FRAME_ANGULAR|15.0.0',true,'system','2025-05-19 12:33:26.224531'),
	 ('FRAME_REACT_JS_0_0_1','FRAME_REACT','0.0.1','FRAME_REACT|0.0.1',false,'system','2025-05-19 12:33:26.224531'),
	 ('FRAME_REACT_JS_0_14_0','FRAME_REACT','0.14.0','FRAME_REACT|0.14.0',false,'system','2025-05-19 12:33:26.224531'),
	 ('FRAME_REACT_JS_0_14_10','FRAME_REACT','0.14.10','FRAME_REACT|0.14.10',false,'system','2025-05-19 12:33:26.224531'),
	 ('FRAME_REACT_JS_15_0_0','FRAME_REACT','15.0.0','FRAME_REACT|15.0.0',false,'system','2025-05-19 12:33:26.224531'),
	 ('FRAME_REACT_JS_15_7_0','FRAME_REACT','15.7.0','FRAME_REACT|15.7.0',false,'system','2025-05-19 12:33:26.224531');
INSERT INTO public."FRAMEWORK_VERSIONS" ("FRAME_VER_CODE","FRAME_CODE","FRAMEVER","FRAME_VERSION","IS_DEFAULT_FRAME_VER","CREATED_BY","CREATED_AT") VALUES
	 ('FRAME_REACT_JS_16_0_0','FRAME_REACT','16.0.0','FRAME_REACT|16.0.0',false,'system','2025-05-19 12:33:26.224531'),
	 ('FRAME_REACT_JS_16_14_0','FRAME_REACT','16.14.0','FRAME_REACT|16.14.0',false,'system','2025-05-19 12:33:26.224531'),
	 ('FRAME_REACT_JS_17_0_0','FRAME_REACT','17.0.0','FRAME_REACT|17.0.0',false,'system','2025-05-19 12:33:26.224531'),
	 ('FRAME_REACT_JS_17_0_2','FRAME_REACT','17.0.2','FRAME_REACT|17.0.2',false,'system','2025-05-19 12:33:26.224531'),
	 ('FRAME_REACT_JS_18_0_0','FRAME_REACT','18.0.0','FRAME_REACT|18.0.0',false,'system','2025-05-19 12:33:26.224531'),
	 ('FRAME_REACT_JS_18_3_1','FRAME_REACT','18.3.1','FRAME_REACT|18.3.1',false,'system','2025-05-19 12:33:26.224531'),
	 ('FRAME_REACT_JS_19_0_0','FRAME_REACT','19.0.0','FRAME_REACT|19.0.0',true,'system','2025-05-19 12:33:26.224531'),
	 ('FRAME_VUE_JS_0_6_0','FRAME_VUE','0.6.0','FRAME_VUE|0.6.0',false,'system','2025-05-19 12:33:26.224531'),
	 ('FRAME_VUE_JS_0_7_0','FRAME_VUE','0.7.0','FRAME_VUE|0.7.0',false,'system','2025-05-19 12:33:26.224531'),
	 ('FRAME_VUE_JS_0_8_0','FRAME_VUE','0.8.0','FRAME_VUE|0.8.0',false,'system','2025-05-19 12:33:26.224531');
INSERT INTO public."FRAMEWORK_VERSIONS" ("FRAME_VER_CODE","FRAME_CODE","FRAMEVER","FRAME_VERSION","IS_DEFAULT_FRAME_VER","CREATED_BY","CREATED_AT") VALUES
	 ('FRAME_VUE_JS_0_9_0','FRAME_VUE','0.9.0','FRAME_VUE|0.9.0',false,'system','2025-05-19 12:33:26.224531'),
	 ('FRAME_VUE_JS_0_10_0','FRAME_VUE','0.10.0','FRAME_VUE|0.10.0',false,'system','2025-05-19 12:33:26.224531'),
	 ('FRAME_VUE_JS_0_11_0','FRAME_VUE','0.11.0','FRAME_VUE|0.11.0',false,'system','2025-05-19 12:33:26.224531'),
	 ('FRAME_VUE_JS_0_12_0','FRAME_VUE','0.12.0','FRAME_VUE|0.12.0',false,'system','2025-05-19 12:33:26.224531'),
	 ('FRAME_VUE_JS_1_0_0','FRAME_VUE','1.0.0','FRAME_VUE|1.0.0',false,'system','2025-05-19 12:33:26.224531'),
	 ('FRAME_VUE_JS_2_0_0','FRAME_VUE','2.0.0','FRAME_VUE|2.0.0',false,'system','2025-05-19 12:33:26.224531'),
	 ('FRAME_VUE_JS_2_1_0','FRAME_VUE','2.1.0','FRAME_VUE|2.1.0',false,'system','2025-05-19 12:33:26.224531'),
	 ('FRAME_VUE_JS_2_2_0','FRAME_VUE','2.2.0','FRAME_VUE|2.2.0',false,'system','2025-05-19 12:33:26.224531'),
	 ('FRAME_VUE_JS_2_3_0','FRAME_VUE','2.3.0','FRAME_VUE|2.3.0',false,'system','2025-05-19 12:33:26.224531'),
	 ('FRAME_VUE_JS_2_4_0','FRAME_VUE','2.4.0','FRAME_VUE|2.4.0',false,'system','2025-05-19 12:33:26.224531');
INSERT INTO public."FRAMEWORK_VERSIONS" ("FRAME_VER_CODE","FRAME_CODE","FRAMEVER","FRAME_VERSION","IS_DEFAULT_FRAME_VER","CREATED_BY","CREATED_AT") VALUES
	 ('FRAME_VUE_JS_2_5_0','FRAME_VUE','2.5.0','FRAME_VUE|2.5.0',false,'system','2025-05-19 12:33:26.224531'),
	 ('FRAME_VUE_JS_2_6_0','FRAME_VUE','2.6.0','FRAME_VUE|2.6.0',false,'system','2025-05-19 12:33:26.224531'),
	 ('FRAME_VUE_JS_2_7_0','FRAME_VUE','2.7.0','FRAME_VUE|2.7.0',false,'system','2025-05-19 12:33:26.224531'),
	 ('FRAME_VUE_JS_2_7_16','FRAME_VUE','2.7.16','FRAME_VUE|2.7.16',true,'system','2025-05-19 12:33:26.224531'),
	 ('FRAME_VUE_JS_3_0_0','FRAME_VUE','3.0.0','FRAME_VUE|3.0.0',false,'system','2025-05-19 12:33:26.224531'),
	 ('FRAME_VUE_JS_3_1_0','FRAME_VUE','3.1.0','FRAME_VUE|3.1.0',false,'system','2025-05-19 12:33:26.224531'),
	 ('FRAME_VUE_JS_3_2_0','FRAME_VUE','3.2.0','FRAME_VUE|3.2.0',false,'system','2025-05-19 12:33:26.224531'),
	 ('FRAME_VUE_JS_3_3_0','FRAME_VUE','3.3.0','FRAME_VUE|3.3.0',false,'system','2025-05-19 12:33:26.224531'),
	 ('FRAME_VUE_JS_3_4_0','FRAME_VUE','3.4.0','FRAME_VUE|3.4.0',false,'system','2025-05-19 12:33:26.224531'),
	 ('FRAME_VUE_JS_3_5_0','FRAME_VUE','3.5.0','FRAME_VUE|3.5.0',false,'system','2025-05-19 12:33:26.224531');
INSERT INTO public."FRAMEWORK_VERSIONS" ("FRAME_VER_CODE","FRAME_CODE","FRAMEVER","FRAME_VERSION","IS_DEFAULT_FRAME_VER","CREATED_BY","CREATED_AT") VALUES
	 ('FRAME_VUE_JS_3_5_13','FRAME_VUE','3.5.13','FRAME_VUE|3.5.13',true,'system','2025-05-19 12:33:26.224531'),
	 ('FRAME_VER_KTOR_2_3_13','FRAME_KTOR','2.3.13','FRAME_KTOR|2.3.13',false,'system','2025-05-19 12:33:26.224531'),
	 ('FRAME_VER_KTOR_3_0_2','FRAME_KTOR','3.0.2','FRAME_KTOR|3.0.2',false,'system','2025-05-19 12:33:26.224531'),
	 ('FRAME_VER_KTOR_3_1_0','FRAME_KTOR','3.1.0','FRAME_KTOR|3.1.0',true,'system','2025-05-19 12:33:26.224531'),
	 ('FRAME_VER_ACTIX_4_8_0','FRAME_ACTIX','4.8.0','FRAME_ACTIX|4.8.0',false,'system','2025-05-19 12:33:26.224531'),
	 ('FRAME_VER_ACTIX_4_9_0','FRAME_ACTIX','4.9.0','FRAME_ACTIX|4.9.0',true,'system','2025-05-19 12:33:26.224531'),
	 ('FRAME_VER_ASPNETCORE_8','FRAME_ASPNET_CORE','8.0','FRAME_ASPNET_CORE|8.0',false,'system','2025-05-19 12:33:26.224531'),
	 ('FRAME_VER_ASPNETCORE_9','FRAME_ASPNET_CORE','9.0','FRAME_ASPNET_CORE|9.0',true,'system','2025-05-19 12:33:26.224531'),
	 ('FRAME_VER_SVELTE_3','FRAME_SVELTE','3','FRAME_SVELTE|3',false,'system','2025-05-19 12:33:26.224531'),
	 ('FRAME_VER_SVELTE_4','FRAME_SVELTE','4','FRAME_SVELTE|4',true,'system','2025-05-19 12:33:26.224531');
INSERT INTO public."FRAMEWORK_VERSIONS" ("FRAME_VER_CODE","FRAME_CODE","FRAMEVER","FRAME_VERSION","IS_DEFAULT_FRAME_VER","CREATED_BY","CREATED_AT") VALUES
	 ('FRAME_NEXT_JS_1_0_0','FRAME_NEXTJS','1.0.0','FRAME_NEXTJS|1.0.0',false,'system','2025-05-19 12:33:26.224531'),
	 ('FRAME_NEXT_JS_2_0_0','FRAME_NEXTJS','2.0.0','FRAME_NEXTJS|2.0.0',false,'system','2025-05-19 12:33:26.224531'),
	 ('FRAME_NEXT_JS_7_0_0','FRAME_NEXTJS','7.0.0','FRAME_NEXTJS|7.0.0',false,'system','2025-05-19 12:33:26.224531'),
	 ('FRAME_NEXT_JS_8_0_0','FRAME_NEXTJS','8.0.0','FRAME_NEXTJS|8.0.0',false,'system','2025-05-19 12:33:26.224531'),
	 ('FRAME_NEXT_JS_9_0_0','FRAME_NEXTJS','9.0.0','FRAME_NEXTJS|9.0.0',false,'system','2025-05-19 12:33:26.224531'),
	 ('FRAME_NEXT_JS_9_3_0','FRAME_NEXTJS','9.3.0','FRAME_NEXTJS|9.3.0',false,'system','2025-05-19 12:33:26.224531'),
	 ('FRAME_NEXT_JS_9_5_0','FRAME_NEXTJS','9.5.0','FRAME_NEXTJS|9.5.0',false,'system','2025-05-19 12:33:26.224531'),
	 ('FRAME_NEXT_JS_10_0_0','FRAME_NEXTJS','10.0.0','FRAME_NEXTJS|10.0.0',false,'system','2025-05-19 12:33:26.224531'),
	 ('FRAME_NEXT_JS_11_0_0','FRAME_NEXTJS','11.0.0','FRAME_NEXTJS|11.0.0',false,'system','2025-05-19 12:33:26.224531'),
	 ('FRAME_NEXT_JS_12_0_0','FRAME_NEXTJS','12.0.0','FRAME_NEXTJS|12.0.0',false,'system','2025-05-19 12:33:26.224531');
INSERT INTO public."FRAMEWORK_VERSIONS" ("FRAME_VER_CODE","FRAME_CODE","FRAMEVER","FRAME_VERSION","IS_DEFAULT_FRAME_VER","CREATED_BY","CREATED_AT") VALUES
	 ('FRAME_NEXT_JS_13_0_0','FRAME_NEXTJS','13.0.0','FRAME_NEXTJS|13.0.0',false,'system','2025-05-19 12:33:26.224531'),
	 ('FRAME_NEXT_JS_13_1_0','FRAME_NEXTJS','13.1.0','FRAME_NEXTJS|13.1.0',false,'system','2025-05-19 12:33:26.224531'),
	 ('FRAME_NEXT_JS_13_2_0','FRAME_NEXTJS','13.2.0','FRAME_NEXTJS|13.2.0',false,'system','2025-05-19 12:33:26.224531'),
	 ('FRAME_NEXT_JS_13_3_0','FRAME_NEXTJS','13.3.0','FRAME_NEXTJS|13.3.0',false,'system','2025-05-19 12:33:26.224531'),
	 ('FRAME_NEXT_JS_13_4_0','FRAME_NEXTJS','13.4.0','FRAME_NEXTJS|13.4.0',false,'system','2025-05-19 12:33:26.224531'),
	 ('FRAME_NEXT_JS_13_5_0','FRAME_NEXTJS','13.5.0','FRAME_NEXTJS|13.5.0',false,'system','2025-05-19 12:33:26.224531'),
	 ('FRAME_NEXT_JS_14_0_0','FRAME_NEXTJS','14.0.0','FRAME_NEXTJS|14.0.0',false,'system','2025-05-19 12:33:26.224531'),
	 ('FRAME_NEXT_JS_14_1_0','FRAME_NEXTJS','14.1.0','FRAME_NEXTJS|14.1.0',false,'system','2025-05-19 12:33:26.224531'),
	 ('FRAME_NEXT_JS_14_2_0','FRAME_NEXTJS','14.2.0','FRAME_NEXTJS|14.2.0',false,'system','2025-05-19 12:33:26.224531'),
	 ('FRAME_NEXT_JS_15_0_0','FRAME_NEXTJS','15.0.0','FRAME_NEXTJS|15.0.0',false,'system','2025-05-19 12:33:26.224531');
INSERT INTO public."FRAMEWORK_VERSIONS" ("FRAME_VER_CODE","FRAME_CODE","FRAMEVER","FRAME_VERSION","IS_DEFAULT_FRAME_VER","CREATED_BY","CREATED_AT") VALUES
	 ('FRAME_NEXT_JS_15_1_0','FRAME_NEXTJS','15.1.0','FRAME_NEXTJS|15.1.0',false,'system','2025-05-19 12:33:26.224531'),
	 ('FRAME_NEXT_JS_15_2_0','FRAME_NEXTJS','15.2.0','FRAME_NEXTJS|15.2.0',false,'system','2025-05-19 12:33:26.224531'),
	 ('FRAME_NEXT_JS_15_3_1','FRAME_NEXTJS','15.3.1','FRAME_NEXTJS|15.3.1',true,'system','2025-05-19 12:33:26.224531'),
	 ('FRAME_DAP_1.0.3','FRAME_DAP','1.0.3','FRAME_DAP|1.0.3',false,'system','2025-05-19 12:33:26.224531'),
	 ('FRAME_DAP_1.1.0','FRAME_DAP','1.1.0','FRAME_DAP|1.1.0',false,'system','2025-05-19 12:33:26.224531'),
	 ('FRAME_DAP_1.2.0','FRAME_DAP','1.2.0','FRAME_DAP|1.2.0',false,'system','2025-05-19 12:33:26.224531'),
	 ('FRAME_DAP_1.2.1','FRAME_DAP','1.2.1','FRAME_DAP|1.2.1',false,'system','2025-05-19 12:33:26.224531'),
	 ('FRAME_DAP_1.2.2','FRAME_DAP','1.2.2','FRAME_DAP|1.2.2',false,'system','2025-05-19 12:33:26.224531'),
	 ('FRAME_DAP_1.2.3','FRAME_DAP','1.2.3','FRAME_DAP|1.2.3',false,'system','2025-05-19 12:33:26.224531'),
	 ('FRAME_DAP_1.2.4','FRAME_DAP','1.2.4','FRAME_DAP|1.2.4',false,'system','2025-05-19 12:33:26.224531');
INSERT INTO public."FRAMEWORK_VERSIONS" ("FRAME_VER_CODE","FRAME_CODE","FRAMEVER","FRAME_VERSION","IS_DEFAULT_FRAME_VER","CREATED_BY","CREATED_AT") VALUES
	 ('FRAME_DAP_1.2.5','FRAME_DAP','1.2.5','FRAME_DAP|1.2.5',false,'system','2025-05-19 12:33:26.224531'),
	 ('FRAME_DAP_1.3.0','FRAME_DAP','1.3.0','FRAME_DAP|1.3.0',false,'system','2025-05-19 12:33:26.224531'),
	 ('BOOST_1_84_0','FRAME_BOOST','1.84.0','1.84.0',true,'system','2025-05-21 12:00:55.057624'),
	 ('BOOST_1_82_0','FRAME_BOOST','1.82.0','1.82.0',false,'system','2025-05-21 12:00:55.057624'),
	 ('FRAME_CPP_1.3.1','FRAME_CPP','1.3.1','FRAME_CPP|1.3.1',true,'system','2025-05-19 12:33:26.224531'),
	 ('POCO_1_13_0','FRAME_POCO','1.13.0','1.13.0',true,'system','2025-05-21 12:07:09.335231'),
	 ('POCO_1_11_0','FRAME_POCO','1.11.0','1.11.0',false,'system','2025-05-21 12:07:09.335231'),
	 ('FRAME_BOOST_1.83.0','FRAME_BOOST','1.83.0','FRAME_BOOST|1.83.0',false,'system','2025-05-23 09:57:34.643189'),
	 ('FRAME_BOOST_1.84.0','FRAME_BOOST','1.84.0','FRAME_BOOST|1.84.0',false,'system','2025-05-23 09:57:48.915276'),
	 ('FRAME_BOOST_1.85.0','FRAME_BOOST','1.85.0','FRAME_BOOST|1.85.0',false,'system','2025-05-23 09:57:48.915276');
INSERT INTO public."FRAMEWORK_VERSIONS" ("FRAME_VER_CODE","FRAME_CODE","FRAMEVER","FRAME_VERSION","IS_DEFAULT_FRAME_VER","CREATED_BY","CREATED_AT") VALUES
	 ('FRAME_BOOST_1.86.0','FRAME_BOOST','1.86.0','FRAME_BOOST|1.86.0',false,'system','2025-05-23 09:57:48.915276'),
	 ('FRAME_BOOST_1.87.0','FRAME_BOOST','1.87.0','FRAME_BOOST|1.87.0',false,'system','2025-05-23 09:57:48.915276'),
	 ('FRAME_BOOST_1.88.0','FRAME_BOOST','1.88.0','FRAME_BOOST|1.88.0',true,'system','2025-05-23 09:57:48.915276'),
	 ('FRAME_BOOST_1.82.0','FRAME_BOOST','1.82.0','FRAME_BOOST|1.82.0',false,'system','2025-05-23 09:58:03.364247'),
	 ('FRAME_BOOST_1.81.0','FRAME_BOOST','1.81.0','FRAME_BOOST|1.81.0',false,'system','2025-05-23 09:58:03.364247'),
	 ('FRAME_BOOST_1.80.0','FRAME_BOOST','1.80.0','FRAME_BOOST|1.80.0',false,'system','2025-05-23 09:58:03.364247'),
	 ('FRAME_BOOST_1.79.0','FRAME_BOOST','1.79.0','FRAME_BOOST|1.79.0',false,'system','2025-05-23 09:58:03.364247'),
	 ('FRAME_BOOST_1.78.0','FRAME_BOOST','1.78.0','FRAME_BOOST|1.78.0',false,'system','2025-05-23 09:58:03.364247'),
	 ('FRAME_BOOST_1.77.0','FRAME_BOOST','1.77.0','FRAME_BOOST|1.77.0',false,'system','2025-05-23 09:58:03.364247'),
	 ('FRAME_BOOST_1.76.0','FRAME_BOOST','1.76.0','FRAME_BOOST|1.76.0',false,'system','2025-05-23 09:58:03.364247');
INSERT INTO public."FRAMEWORK_VERSIONS" ("FRAME_VER_CODE","FRAME_CODE","FRAMEVER","FRAME_VERSION","IS_DEFAULT_FRAME_VER","CREATED_BY","CREATED_AT") VALUES
	 ('FRAME_BOOST_1.75.0','FRAME_BOOST','1.75.0','FRAME_BOOST|1.75.0',false,'system','2025-05-23 09:58:03.364247'),
	 ('FRAME_BOOST_1.74.0','FRAME_BOOST','1.74.0','FRAME_BOOST|1.74.0',false,'system','2025-05-23 09:58:03.364247'),
	 ('FRAME_BOOST_1.73.0','FRAME_BOOST','1.73.0','FRAME_BOOST|1.73.0',false,'system','2025-05-23 09:58:03.364247'),
	 ('FRAME_BOOST_1.72.0','FRAME_BOOST','1.72.0','FRAME_BOOST|1.72.0',false,'system','2025-05-23 09:58:03.364247'),
	 ('FRAME_BOOST_1.71.0','FRAME_BOOST','1.71.0','FRAME_BOOST|1.71.0',false,'system','2025-05-23 09:58:03.364247'),
	 ('FRAME_POCO_1.14.2','FRAME_POCO','1.14.2','FRAME_POCO|1.14.2',true,'system','2025-05-23 09:58:16.77587'),
	 ('FRAME_POCO_1.14.1','FRAME_POCO','1.14.1','FRAME_POCO|1.14.1',false,'system','2025-05-23 09:58:16.77587'),
	 ('FRAME_POCO_1.14.0','FRAME_POCO','1.14.0','FRAME_POCO|1.14.0',false,'system','2025-05-23 09:58:16.77587'),
	 ('FRAME_POCO_1.13.3','FRAME_POCO','1.13.3','FRAME_POCO|1.13.3',false,'system','2025-05-23 09:58:16.77587'),
	 ('FRAME_POCO_1.13.2','FRAME_POCO','1.13.2','FRAME_POCO|1.13.2',false,'system','2025-05-23 09:58:16.77587');
INSERT INTO public."FRAMEWORK_VERSIONS" ("FRAME_VER_CODE","FRAME_CODE","FRAMEVER","FRAME_VERSION","IS_DEFAULT_FRAME_VER","CREATED_BY","CREATED_AT") VALUES
	 ('FRAME_POCO_1.13.1','FRAME_POCO','1.13.1','FRAME_POCO|1.13.1',false,'system','2025-05-23 09:58:16.77587'),
	 ('FRAME_POCO_1.13.0','FRAME_POCO','1.13.0','FRAME_POCO|1.13.0',false,'system','2025-05-23 09:58:16.77587'),
	 ('FRAME_POCO_1.12.5','FRAME_POCO','1.12.5','FRAME_POCO|1.12.5',false,'system','2025-05-23 09:58:16.77587'),
	 ('FRAME_POCO_1.12.4','FRAME_POCO','1.12.4','FRAME_POCO|1.12.4',false,'system','2025-05-23 09:58:16.77587'),
	 ('FRAME_POCO_1.12.3','FRAME_POCO','1.12.3','FRAME_POCO|1.12.3',false,'system','2025-05-23 09:58:16.77587'),
	 ('FRAME_POCO_1.11.8','FRAME_POCO','1.11.8','FRAME_POCO|1.11.8',false,'system','2025-05-23 09:58:16.77587'),
	 ('FRAME_POCO_1.11.0','FRAME_POCO','1.11.0','FRAME_POCO|1.11.0',false,'system','2025-05-23 09:58:16.77587'),
	 ('FRAME_POCO_1.10.1','FRAME_POCO','1.10.1','FRAME_POCO|1.10.1',false,'system','2025-05-23 09:58:16.77587'),
	 ('FRAME_POCO_1.9.4','FRAME_POCO','1.9.4','FRAME_POCO|1.9.4',false,'system','2025-05-23 09:58:16.77587'),
	 ('FRAME_POCO_1.9.0','FRAME_POCO','1.9.0','FRAME_POCO|1.9.0',false,'system','2025-05-23 09:58:16.77587');
INSERT INTO public."FRAMEWORK_VERSIONS" ("FRAME_VER_CODE","FRAME_CODE","FRAMEVER","FRAME_VERSION","IS_DEFAULT_FRAME_VER","CREATED_BY","CREATED_AT") VALUES
	 ('FRAME_QT_6.7.0','FRAME_QT','6.7.0','FRAME_QT|6.7.0',true,'system','2025-05-23 09:58:33.017438'),
	 ('FRAME_QT_6.6.3','FRAME_QT','6.6.3','FRAME_QT|6.6.3',false,'system','2025-05-23 09:58:33.017438'),
	 ('FRAME_QT_6.6.2','FRAME_QT','6.6.2','FRAME_QT|6.6.2',false,'system','2025-05-23 09:58:33.017438'),
	 ('FRAME_QT_6.6.1','FRAME_QT','6.6.1','FRAME_QT|6.6.1',false,'system','2025-05-23 09:58:33.017438'),
	 ('FRAME_QT_6.6.0','FRAME_QT','6.6.0','FRAME_QT|6.6.0',false,'system','2025-05-23 09:58:33.017438'),
	 ('FRAME_QT_6.5.3','FRAME_QT','6.5.3','FRAME_QT|6.5.3',false,'system','2025-05-23 09:58:33.017438'),
	 ('FRAME_QT_6.5.2','FRAME_QT','6.5.2','FRAME_QT|6.5.2',false,'system','2025-05-23 09:58:33.017438'),
	 ('FRAME_QT_6.5.1','FRAME_QT','6.5.1','FRAME_QT|6.5.1',false,'system','2025-05-23 09:58:33.017438'),
	 ('FRAME_QT_6.5.0','FRAME_QT','6.5.0','FRAME_QT|6.5.0',false,'system','2025-05-23 09:58:33.017438'),
	 ('FRAME_QT_5.15.15','FRAME_QT','5.15.15','FRAME_QT|5.15.15',false,'system','2025-05-23 09:58:49.972869');
INSERT INTO public."FRAMEWORK_VERSIONS" ("FRAME_VER_CODE","FRAME_CODE","FRAMEVER","FRAME_VERSION","IS_DEFAULT_FRAME_VER","CREATED_BY","CREATED_AT") VALUES
	 ('FRAME_QT_5.15.14','FRAME_QT','5.15.14','FRAME_QT|5.15.14',false,'system','2025-05-23 09:58:49.972869'),
	 ('FRAME_QT_5.15.13','FRAME_QT','5.15.13','FRAME_QT|5.15.13',false,'system','2025-05-23 09:58:49.972869'),
	 ('FRAME_QT_5.15.12','FRAME_QT','5.15.12','FRAME_QT|5.15.12',false,'system','2025-05-23 09:58:49.972869'),
	 ('FRAME_QT_5.15.11','FRAME_QT','5.15.11','FRAME_QT|5.15.11',false,'system','2025-05-23 09:58:49.972869'),
	 ('FRAME_QT_5.15.10','FRAME_QT','5.15.10','FRAME_QT|5.15.10',false,'system','2025-05-23 09:58:49.972869'),
	 ('FRAME_QT_5.15.9','FRAME_QT','5.15.9','FRAME_QT|5.15.9',false,'system','2025-05-23 09:58:49.972869'),
	 ('FRAME_CROW_1.0+4','FRAME_CROW','1.0+4','FRAME_CROW|1.0+4',true,'system','2025-05-23 09:58:49.972869'),
	 ('FRAME_CROW_1.0+3','FRAME_CROW','1.0+3','FRAME_CROW|1.0+3',false,'system','2025-05-23 09:58:49.972869'),
	 ('FRAME_CROW_1.0+2','FRAME_CROW','1.0+2','FRAME_CROW|1.0+2',false,'system','2025-05-23 09:58:49.972869'),
	 ('FRAME_CROW_1.0+1','FRAME_CROW','1.0+1','FRAME_CROW|1.0+1',false,'system','2025-05-23 09:58:49.972869');
INSERT INTO public."FRAMEWORK_VERSIONS" ("FRAME_VER_CODE","FRAME_CODE","FRAMEVER","FRAME_VERSION","IS_DEFAULT_FRAME_VER","CREATED_BY","CREATED_AT") VALUES
	 ('FRAME_CROW_1.0','FRAME_CROW','1.0','FRAME_CROW|1.0',false,'system','2025-05-23 09:58:49.972869'),
	 ('FRAME_CPPREST_2.10.18','FRAME_CPPREST','2.10.18','FRAME_CPPREST|2.10.18',true,'system','2025-05-23 09:58:49.972869'),
	 ('FRAME_CPPREST_2.10.17','FRAME_CPPREST','2.10.17','FRAME_CPPREST|2.10.17',false,'system','2025-05-23 09:58:49.972869'),
	 ('FRAME_CPPREST_2.10.16','FRAME_CPPREST','2.10.16','FRAME_CPPREST|2.10.16',false,'system','2025-05-23 09:58:49.972869'),
	 ('FRAME_CPPREST_2.10.15','FRAME_CPPREST','2.10.15','FRAME_CPPREST|2.10.15',false,'system','2025-05-23 09:58:49.972869'),
	 ('FRAME_CPPREST_2.10.14','FRAME_CPPREST','2.10.14','FRAME_CPPREST|2.10.14',false,'system','2025-05-23 09:58:49.972869'),
	 ('FRAME_CPPREST_2.10.13','FRAME_CPPREST','2.10.13','FRAME_CPPREST|2.10.13',false,'system','2025-05-23 09:58:49.972869'),
	 ('FRAME_CPPREST_2.10.12','FRAME_CPPREST','2.10.12','FRAME_CPPREST|2.10.12',false,'system','2025-05-23 09:58:49.972869'),
	 ('FRAME_ACE_7.1.2','FRAME_ACE','7.1.2','FRAME_ACE|7.1.2',true,'system','2025-05-23 09:58:49.972869'),
	 ('FRAME_ACE_7.1.1','FRAME_ACE','7.1.1','FRAME_ACE|7.1.1',false,'system','2025-05-23 09:58:49.972869');
INSERT INTO public."FRAMEWORK_VERSIONS" ("FRAME_VER_CODE","FRAME_CODE","FRAMEVER","FRAME_VERSION","IS_DEFAULT_FRAME_VER","CREATED_BY","CREATED_AT") VALUES
	 ('FRAME_ACE_7.0.10','FRAME_ACE','7.0.10','FRAME_ACE|7.0.10',false,'system','2025-05-23 09:58:49.972869'),
	 ('FRAME_ACE_7.0.9','FRAME_ACE','7.0.9','FRAME_ACE|7.0.9',false,'system','2025-05-23 09:58:49.972869'),
	 ('FRAME_ACE_7.0.8','FRAME_ACE','7.0.8','FRAME_ACE|7.0.8',false,'system','2025-05-23 09:58:49.972869'),
	 ('FRAME_GTEST_1.14.0','FRAME_GTEST','1.14.0','FRAME_GTEST|1.14.0',true,'system','2025-05-23 09:58:49.972869'),
	 ('FRAME_GTEST_1.13.0','FRAME_GTEST','1.13.0','FRAME_GTEST|1.13.0',false,'system','2025-05-23 09:58:49.972869'),
	 ('FRAME_GTEST_1.12.1','FRAME_GTEST','1.12.1','FRAME_GTEST|1.12.1',false,'system','2025-05-23 09:58:49.972869'),
	 ('FRAME_GTEST_1.11.0','FRAME_GTEST','1.11.0','FRAME_GTEST|1.11.0',false,'system','2025-05-23 09:58:49.972869'),
	 ('FRAME_GTEST_1.10.0','FRAME_GTEST','1.10.0','FRAME_GTEST|1.10.0',false,'system','2025-05-23 09:58:49.972869'),
	 ('FRAME_OPENFRAMEWORKS_0.12.0','FRAME_OPENFRAMEWORKS','0.12.0','FRAME_OPENFRAMEWORKS|0.12.0',true,'system','2025-05-23 09:58:49.972869'),
	 ('FRAME_OPENFRAMEWORKS_0.11.2','FRAME_OPENFRAMEWORKS','0.11.2','FRAME_OPENFRAMEWORKS|0.11.2',false,'system','2025-05-23 09:58:49.972869');
INSERT INTO public."FRAMEWORK_VERSIONS" ("FRAME_VER_CODE","FRAME_CODE","FRAMEVER","FRAME_VERSION","IS_DEFAULT_FRAME_VER","CREATED_BY","CREATED_AT") VALUES
	 ('FRAME_OPENFRAMEWORKS_0.11.0','FRAME_OPENFRAMEWORKS','0.11.0','FRAME_OPENFRAMEWORKS|0.11.0',false,'system','2025-05-23 09:58:49.972869'),
	 ('FRAME_OPENFRAMEWORKS_0.10.1','FRAME_OPENFRAMEWORKS','0.10.1','FRAME_OPENFRAMEWORKS|0.10.1',false,'system','2025-05-23 09:58:49.972869'),
	 ('FRAME_OPENFRAMEWORKS_0.9.8','FRAME_OPENFRAMEWORKS','0.9.8','FRAME_OPENFRAMEWORKS|0.9.8',false,'system','2025-05-23 09:58:49.972869');
INSERT INTO public."LANGUAGES" ("LANG_CODE","LANG_NAME","LANG_EXTENSION","CREATED_BY","CREATED_AT","USAGE_COUNT") VALUES
	 ('LANG_PY','Python','.py','system','2025-05-19 12:34:09.460796',0),
	 ('LANG_JS','JavaScript','.js','system','2025-05-19 12:34:09.460796',0),
	 ('LANG_JAVA','Java','.java','system','2025-05-19 12:34:09.460796',0),
	 ('LANG_CPP','C++','.cpp','system','2025-05-19 12:34:09.460796',0),
	 ('LANG_CS','C#','.cs','system','2025-05-19 12:34:09.460796',0),
	 ('LANG_GO','Go','.go','system','2025-05-19 12:34:09.460796',0),
	 ('LANG_RUST','Rust','.rs','system','2025-05-19 12:34:09.460796',0),
	 ('LANG_RB','Ruby','.rb','system','2025-05-19 12:34:09.460796',0),
	 ('LANG_PHP','PHP','.php','system','2025-05-19 12:34:09.460796',0),
	 ('LANG_SWIFT','Swift','.swift','system','2025-05-19 12:34:09.460796',0);
INSERT INTO public."LANGUAGES" ("LANG_CODE","LANG_NAME","LANG_EXTENSION","CREATED_BY","CREATED_AT","USAGE_COUNT") VALUES
	 ('LANG_KT','Kotlin','.kt','system','2025-05-19 12:34:09.460796',0),
	 ('LANG_TS','TypeScript','.ts','system','2025-05-19 12:34:09.460796',0),
	 ('LANG_HTML','HTML','.html','system','2025-05-19 12:34:09.460796',0),
	 ('LANG_CSS','CSS','.css','system','2025-05-19 12:34:09.460796',0),
	 ('LANG_SQL','SQL','.sql','system','2025-05-19 12:34:09.460796',0),
	 ('LANG_SCALA','Scala','.scala','system','2025-05-19 12:34:09.460796',0),
	 ('LANG_HS','Haskell','.hs','system','2025-05-19 12:34:09.460796',0),
	 ('LANG_R','R','.r','system','2025-05-19 12:34:09.460796',0),
	 ('LANG_SH','Shell','.sh','system','2025-05-19 12:34:09.460796',0),
	 ('LANG_DART','Dart','.dart','system','2025-05-19 12:34:09.460796',0);
INSERT INTO public."LANGUAGES" ("LANG_CODE","LANG_NAME","LANG_EXTENSION","CREATED_BY","CREATED_AT","USAGE_COUNT") VALUES
	 ('LANG_FS','F#','.fs','system','2025-05-19 12:34:09.460796',0),
	 ('LANG_EX','Elixir','.ex','system','2025-05-19 12:34:09.460796',0);
INSERT INTO public."LANGUAGE_VERSIONS" ("LANG_VER_CODE","LANG_CODE","LANG_NAME","LANGVER","LANG_VERSION","IS_DEFAULT_LANG_VER","CREATED_BY","CREATED_AT") VALUES
	 ('LANG_PY_2_7','LANG_PY','Python','Python','Python|2.7',true,'system','2025-05-19 12:34:23.57078'),
	 ('LANG_PY_3_6','LANG_PY','Python','Python','Python|3.6',true,'system','2025-05-19 12:34:23.57078'),
	 ('LANG_PY_3_7','LANG_PY','Python','Python','Python|3.7',true,'system','2025-05-19 12:34:23.57078'),
	 ('LANG_PY_3_8','LANG_PY','Python','Python','Python|3.8',true,'system','2025-05-19 12:34:23.57078'),
	 ('LANG_PY_3_9','LANG_PY','Python','Python','Python|3.9',true,'system','2025-05-19 12:34:23.57078'),
	 ('LANG_PY_3_10','LANG_PY','Python','Python','Python|3.10',true,'system','2025-05-19 12:34:23.57078'),
	 ('LANG_PY_3_11','LANG_PY','Python','Python','Python|3.11',true,'system','2025-05-19 12:34:23.57078'),
	 ('LANG_JAVA_7','LANG_JAVA','Java','Java','Java|7',true,'system','2025-05-19 12:34:23.57078'),
	 ('LANG_JAVA_8','LANG_JAVA','Java','Java','Java|8',true,'system','2025-05-19 12:34:23.57078'),
	 ('LANG_JAVA_11','LANG_JAVA','Java','Java','Java|11',true,'system','2025-05-19 12:34:23.57078');
INSERT INTO public."LANGUAGE_VERSIONS" ("LANG_VER_CODE","LANG_CODE","LANG_NAME","LANGVER","LANG_VERSION","IS_DEFAULT_LANG_VER","CREATED_BY","CREATED_AT") VALUES
	 ('LANG_JAVA_15','LANG_JAVA','Java','Java','Java|15',true,'system','2025-05-19 12:34:23.57078'),
	 ('LANG_JAVA_17','LANG_JAVA','Java','Java','Java|17',true,'system','2025-05-19 12:34:23.57078'),
	 ('LANG_JAVA_21','LANG_JAVA','Java','Java','Java|21',true,'system','2025-05-19 12:34:23.57078'),
	 ('LANG_JS_ES5','LANG_JS','JavaScript','JavaScript','JavaScript|ES5',true,'system','2025-05-19 12:34:23.57078'),
	 ('LANG_JS_ES6','LANG_JS','JavaScript','JavaScript','JavaScript|ES6',true,'system','2025-05-19 12:34:23.57078'),
	 ('LANG_JS_ES7','LANG_JS','JavaScript','JavaScript','JavaScript|ES7',true,'system','2025-05-19 12:34:23.57078'),
	 ('LANG_JS_ES8','LANG_JS','JavaScript','JavaScript','JavaScript|ES8',true,'system','2025-05-19 12:34:23.57078'),
	 ('LANG_JS_ES9','LANG_JS','JavaScript','JavaScript','JavaScript|ES9',true,'system','2025-05-19 12:34:23.57078'),
	 ('LANG_JS_ES2020','LANG_JS','JavaScript','JavaScript','JavaScript|ES2020',true,'system','2025-05-19 12:34:23.57078'),
	 ('LANG_JS_ES2021','LANG_JS','JavaScript','JavaScript','JavaScript|ES2021',true,'system','2025-05-19 12:34:23.57078');
INSERT INTO public."LANGUAGE_VERSIONS" ("LANG_VER_CODE","LANG_CODE","LANG_NAME","LANGVER","LANG_VERSION","IS_DEFAULT_LANG_VER","CREATED_BY","CREATED_AT") VALUES
	 ('LANG_CPP_98','LANG_CPP','C++','C++','C++|98',true,'system','2025-05-19 12:34:23.57078'),
	 ('LANG_CPP_03','LANG_CPP','C++','C++','C++|03',true,'system','2025-05-19 12:34:23.57078'),
	 ('LANG_CPP_11','LANG_CPP','C++','C++','C++|11',true,'system','2025-05-19 12:34:23.57078'),
	 ('LANG_CPP_14','LANG_CPP','C++','C++','C++|14',true,'system','2025-05-19 12:34:23.57078'),
	 ('LANG_CPP_17','LANG_CPP','C++','C++','C++|17',true,'system','2025-05-19 12:34:23.57078'),
	 ('LANG_CPP_20','LANG_CPP','C++','C++','C++|20',true,'system','2025-05-19 12:34:23.57078'),
	 ('LANG_CPP_23','LANG_CPP','C++','C++','C++|23',true,'system','2025-05-19 12:34:23.57078'),
	 ('LANG_CS_6','LANG_CS','C#','C#','C#|6.0',true,'system','2025-05-19 12:34:23.57078'),
	 ('LANG_CS_7','LANG_CS','C#','C#','C#|7.0',true,'system','2025-05-19 12:34:23.57078'),
	 ('LANG_CS_8','LANG_CS','C#','C#','C#|8.0',true,'system','2025-05-19 12:34:23.57078');
INSERT INTO public."LANGUAGE_VERSIONS" ("LANG_VER_CODE","LANG_CODE","LANG_NAME","LANGVER","LANG_VERSION","IS_DEFAULT_LANG_VER","CREATED_BY","CREATED_AT") VALUES
	 ('LANG_CS_9','LANG_CS','C#','C#','C#|9.0',true,'system','2025-05-19 12:34:23.57078'),
	 ('LANG_CS_10','LANG_CS','C#','C#','C#|10.0',true,'system','2025-05-19 12:34:23.57078'),
	 ('LANG_CS_11','LANG_CS','C#','C#','C#|11.0',true,'system','2025-05-19 12:34:23.57078'),
	 ('LANG_GO_1_13','LANG_GO','Go','Go','Go|1.13',true,'system','2025-05-19 12:34:23.57078'),
	 ('LANG_GO_1_14','LANG_GO','Go','Go','Go|1.14',true,'system','2025-05-19 12:34:23.57078'),
	 ('LANG_GO_1_15','LANG_GO','Go','Go','Go|1.15',true,'system','2025-05-19 12:34:23.57078'),
	 ('LANG_GO_1_16','LANG_GO','Go','Go','Go|1.16',true,'system','2025-05-19 12:34:23.57078'),
	 ('LANG_GO_1_17','LANG_GO','Go','Go','Go|1.17',true,'system','2025-05-19 12:34:23.57078'),
	 ('LANG_GO_1_18','LANG_GO','Go','Go','Go|1.18',true,'system','2025-05-19 12:34:23.57078'),
	 ('LANG_GO_1_19','LANG_GO','Go','Go','Go|1.19',true,'system','2025-05-19 12:34:23.57078');
INSERT INTO public."LANGUAGE_VERSIONS" ("LANG_VER_CODE","LANG_CODE","LANG_NAME","LANGVER","LANG_VERSION","IS_DEFAULT_LANG_VER","CREATED_BY","CREATED_AT") VALUES
	 ('LANG_GO_1_20','LANG_GO','Go','Go','Go|1.20',true,'system','2025-05-19 12:34:23.57078'),
	 ('LANG_RUST_1_40','LANG_RUST','Rust','Rust','Rust|1.40',true,'system','2025-05-19 12:34:23.57078'),
	 ('LANG_RUST_1_45','LANG_RUST','Rust','Rust','Rust|1.45',true,'system','2025-05-19 12:34:23.57078'),
	 ('LANG_RUST_1_50','LANG_RUST','Rust','Rust','Rust|1.50',true,'system','2025-05-19 12:34:23.57078'),
	 ('LANG_RUST_1_56','LANG_RUST','Rust','Rust','Rust|1.56',true,'system','2025-05-19 12:34:23.57078'),
	 ('LANG_RUST_1_60','LANG_RUST','Rust','Rust','Rust|1.60',true,'system','2025-05-19 12:34:23.57078'),
	 ('LANG_RUST_1_65','LANG_RUST','Rust','Rust','Rust|1.65',true,'system','2025-05-19 12:34:23.57078'),
	 ('LANG_RUST_1_70','LANG_RUST','Rust','Rust','Rust|1.70',true,'system','2025-05-19 12:34:23.57078'),
	 ('LANG_RB_2_5','LANG_RB','Ruby','Ruby','Ruby|2.5',true,'system','2025-05-19 12:34:23.57078'),
	 ('LANG_RB_2_6','LANG_RB','Ruby','Ruby','Ruby|2.6',true,'system','2025-05-19 12:34:23.57078');
INSERT INTO public."LANGUAGE_VERSIONS" ("LANG_VER_CODE","LANG_CODE","LANG_NAME","LANGVER","LANG_VERSION","IS_DEFAULT_LANG_VER","CREATED_BY","CREATED_AT") VALUES
	 ('LANG_RB_2_7','LANG_RB','Ruby','Ruby','Ruby|2.7',true,'system','2025-05-19 12:34:23.57078'),
	 ('LANG_RB_3_0','LANG_RB','Ruby','Ruby','Ruby|3.0',true,'system','2025-05-19 12:34:23.57078'),
	 ('LANG_RB_3_1','LANG_RB','Ruby','Ruby','Ruby|3.1',true,'system','2025-05-19 12:34:23.57078'),
	 ('LANG_PHP_5_6','LANG_PHP','PHP','PHP','PHP|5.6',true,'system','2025-05-19 12:34:23.57078'),
	 ('LANG_PHP_7_0','LANG_PHP','PHP','PHP','PHP|7.0',true,'system','2025-05-19 12:34:23.57078'),
	 ('LANG_PHP_7_1','LANG_PHP','PHP','PHP','PHP|7.1',true,'system','2025-05-19 12:34:23.57078'),
	 ('LANG_PHP_7_2','LANG_PHP','PHP','PHP','PHP|7.2',true,'system','2025-05-19 12:34:23.57078'),
	 ('LANG_PHP_7_3','LANG_PHP','PHP','PHP','PHP|7.3',true,'system','2025-05-19 12:34:23.57078'),
	 ('LANG_PHP_7_4','LANG_PHP','PHP','PHP','PHP|7.4',true,'system','2025-05-19 12:34:23.57078'),
	 ('LANG_PHP_8_0','LANG_PHP','PHP','PHP','PHP|8.0',true,'system','2025-05-19 12:34:23.57078');
INSERT INTO public."LANGUAGE_VERSIONS" ("LANG_VER_CODE","LANG_CODE","LANG_NAME","LANGVER","LANG_VERSION","IS_DEFAULT_LANG_VER","CREATED_BY","CREATED_AT") VALUES
	 ('LANG_PHP_8_1','LANG_PHP','PHP','PHP','PHP|8.1',true,'system','2025-05-19 12:34:23.57078'),
	 ('LANG_PHP_8_2','LANG_PHP','PHP','PHP','PHP|8.2',true,'system','2025-05-19 12:34:23.57078'),
	 ('LANG_SWIFT_4_0','LANG_SWIFT','Swift','Swift','Swift|4.0',true,'system','2025-05-19 12:34:23.57078'),
	 ('LANG_SWIFT_4_2','LANG_SWIFT','Swift','Swift','Swift|4.2',true,'system','2025-05-19 12:34:23.57078'),
	 ('LANG_SWIFT_5_0','LANG_SWIFT','Swift','Swift','Swift|5.0',true,'system','2025-05-19 12:34:23.57078'),
	 ('LANG_SWIFT_5_1','LANG_SWIFT','Swift','Swift','Swift|5.1',true,'system','2025-05-19 12:34:23.57078'),
	 ('LANG_SWIFT_5_2','LANG_SWIFT','Swift','Swift','Swift|5.2',true,'system','2025-05-19 12:34:23.57078'),
	 ('LANG_SWIFT_5_3','LANG_SWIFT','Swift','Swift','Swift|5.3',true,'system','2025-05-19 12:34:23.57078'),
	 ('LANG_SWIFT_5_5','LANG_SWIFT','Swift','Swift','Swift|5.5',true,'system','2025-05-19 12:34:23.57078'),
	 ('LANG_KT_1_3','LANG_KT','Kotlin','Kotlin','Kotlin|1.3',true,'system','2025-05-19 12:34:23.57078');
INSERT INTO public."LANGUAGE_VERSIONS" ("LANG_VER_CODE","LANG_CODE","LANG_NAME","LANGVER","LANG_VERSION","IS_DEFAULT_LANG_VER","CREATED_BY","CREATED_AT") VALUES
	 ('LANG_KT_1_4','LANG_KT','Kotlin','Kotlin','Kotlin|1.4',true,'system','2025-05-19 12:34:23.57078'),
	 ('LANG_KT_1_5','LANG_KT','Kotlin','Kotlin','Kotlin|1.5',true,'system','2025-05-19 12:34:23.57078'),
	 ('LANG_KT_1_6','LANG_KT','Kotlin','Kotlin','Kotlin|1.6',true,'system','2025-05-19 12:34:23.57078'),
	 ('LANG_KT_1_7','LANG_KT','Kotlin','Kotlin','Kotlin|1.7',true,'system','2025-05-19 12:34:23.57078'),
	 ('LANG_KT_1_8','LANG_KT','Kotlin','Kotlin','Kotlin|1.8',true,'system','2025-05-19 12:34:23.57078'),
	 ('LANG_TS_3_9','LANG_TS','TypeScript','TypeScript','TypeScript|3.9',true,'system','2025-05-19 12:34:23.57078'),
	 ('LANG_TS_4_0','LANG_TS','TypeScript','TypeScript','TypeScript|4.0',true,'system','2025-05-19 12:34:23.57078'),
	 ('LANG_TS_4_1','LANG_TS','TypeScript','TypeScript','TypeScript|4.1',true,'system','2025-05-19 12:34:23.57078'),
	 ('LANG_TS_4_2','LANG_TS','TypeScript','TypeScript','TypeScript|4.2',true,'system','2025-05-19 12:34:23.57078'),
	 ('LANG_TS_4_3','LANG_TS','TypeScript','TypeScript','TypeScript|4.3',true,'system','2025-05-19 12:34:23.57078');
